Bombuflat,1
Garacharma,1
PortBlair,1
Rangat,1
Addanki,2
Adivivaram,2
Adoni,2
Aganampudi,2
Ajjaram,2
Akividu,2
Akkarampalle,2
Akkayapalle,2
Akkireddipalem,2
Alampur,2
Amalapuram,2
Amudalavalasa,2
Amur,2
Anakapalle,2
Anantapur,2
Andole,2
Atmakur,2
Attili,2
Avanigadda,2
Badepalli,2
Badvel,2
Balapur,2
Bandarulanka,2
Banganapalle,2
Bapatla,2
Bapulapadu,2
Belampalli,2
Bestavaripeta,2
Betamcherla,2
Bhattiprolu,2
Bhimavaram,2
Bhimunipatnam,2
Bobbili,2
Bombuflat,2
Bommuru,2
Bugganipalle,2
Challapalle,2
Chandur,2
Chatakonda,2
Chemmumiahpet,2
Chidiga,2
Chilakaluripet,2
Chimakurthy,2
Chinagadila,2
Chinagantyada,2
Chinnachawk,2
Chintalavalasa,2
Chipurupalle,2
Chirala,2
Chittoor,2
Chodavaram,2
Choutuppal,2
Chunchupalle,2
Cuddapah,2
Cumbum,2
Darnakal,2
Dasnapur,2
Dauleshwaram,2
Dharmavaram,2
Dhone,2
DommaraNandyal,2
Dowlaiswaram,2
EastGodavariDist.,2
Eddumailaram,2
Edulapuram,2
Ekambarakuppam,2
Eluru,2
Enikapadu,2
Fakirtakya,2
Farrukhnagar,2
Gaddiannaram,2
Gajapathinagaram,2
Gajularega,2
Gajuvaka,2
Gannavaram,2
Garacharma,2
Garimellapadu,2
Giddalur,2
Godavarikhani,2
Gopalapatnam,2
Gopalur,2
Gorrekunta,2
Gudivada,2
Gudur,2
Guntakal,2
Guntur,2
Guti,2
Hindupur,2
Hukumpeta,2
Ichchapuram,2
Isnapur,2
Jaggayyapeta,2
JallaramKamanpur,2
Jammalamadugu,2
Jangampalli,2
Jarjapupeta,2
Kadiri,2
Kaikalur,2
Kakinada,2
Kallur,2
Kalyandurg,2
Kamalapuram,2
Kamareddi,2
Kanapaka,2
Kanigiri,2
Kanithi,2
Kankipadu,2
Kantabamsuguda,2
Kanuru,2
Karnul,2
Katheru,2
Kavali,2
Kazipet,2
KhanapuramHaveli,2
Kodar,2
Kollapur,2
Kondapalem,2
Kondapalle,2
Kondukur,2
Kosgi,2
Kothavalasa,2
Kottapalli,2
Kovur,2
Kovurpalle,2
Kovvur,2
Krishna,2
Kuppam,2
Kurmannapalem,2
Kurnool,2
Lakshettipet,2
LalbahadurNagar,2
Machavaram,2
Macherla,2
Machilipatnam,2
Madanapalle,2
Madaram,2
Madhuravada,2
Madikonda,2
Madugule,2
Mahabubnagar,2
Mahbubabad,2
Malkajgiri,2
Mamilapalle,2
Mancheral,2
Mandapeta,2
Mandasa,2
Mangalagiri,2
Manthani,2
Markapur,2
Marturu,2
Metpalli,2
Mindi,2
Mirpet,2
Moragudi,2
Mothugudam,2
Nagari,2
Nagireddipalle,2
Nandigama,2
Nandikotkur,2
Nandyal,2
Narasannapeta,2
Narasapur,2
Narasaraopet,2
Narayanavanam,2
Narsapur,2
Narsingi,2
Narsipatnam,2
Naspur,2
Nathayyapalem,2
Nayudupeta,2
Nelimaria,2
Nellore,2
Nidadavole,2
Nuzvid,2
Omerkhandaira,2
Ongole,2
OsmaniaUniversity,2
Pakala,2
Palakole,2
Palakurthi,2
Palasa,2
Palempalle,2
Palkonda,2
Palmaner,2
Pamur,2
Panjim,2
Papampeta,2
Parasamba,2
Parvatipuram,2
Patancheru,2
Payakaraopet,2
Pedagantyada,2
Pedana,2
Peddapuram,2
Pendurthi,2
Penugonda,2
Penukonda,2
Phirangipuram,2
Pithapuram,2
Ponnur,2
PortBlair,2
Pothinamallayyapalem,2
Prakasam,2
Prasadampadu,2
Prasantinilayam,2
Proddatur,2
Pulivendla,2
Punganuru,2
Puttur,2
Qutubullapur,2
Rajahmundry,2
Rajamahendri,2
Rajampet,2
Rajendranagar,2
Rajoli,2
Ramachandrapuram,2
Ramanayyapeta,2
Ramapuram,2
Ramarajupalli,2
Ramavarappadu,2
Rameswaram,2
Rampachodavaram,2
Ravulapalam,2
Rayachoti,2
Rayadrug,2
Razam,2
Razole,2
Renigunta,2
Repalle,2
Rishikonda,2
Salur,2
Samalkot,2
Sattenapalle,2
Seetharampuram,2
Serilungampalle,2
Shankarampet,2
Shar,2
Singarayakonda,2
Sirpur,2
Sirsilla,2
Sompeta,2
Sriharikota,2
Srikakulam,2
Srikalahasti,2
Sriramnagar,2
Sriramsagar,2
Srisailam,2
SrisailamgudemDevasthanam,2
Sulurpeta,2
Suriapet,2
Suryaraopet,2
Tadepalle,2
Tadepalligudem,2
Tadpatri,2
Tallapalle,2
Tanuku,2
Tekkali,2
Tenali,2
Tigalapahad,2
Tiruchanur,2
Tirumala,2
Tirupati,2
Tirvuru,2
Trimulgherry,2
Tuni,2
Turangi,2
Ukkayapalli,2
Ukkunagaram,2
UppalKalan,2
UpperSileru,2
Uravakonda,2
Vadlapudi,2
Vaparala,2
Vemalwada,2
Venkatagiri,2
Venkatapuram,2
Vepagunta,2
Vetapalem,2
Vijayapuri,2
VijayapuriSouth,2
Vijayawada,2
Vinukonda,2
Visakhapatnam,2
Vizianagaram,2
Vuyyuru,2
Wanparti,2
WestGodavariDist.,2
Yadagirigutta,2
Yarada,2
Yellamanchili,2
Yemmiganur,2
Yenamalakudru,2
Yendada,2
Yerraguntla,2
Along,3
Basar,3
Bondila,3
Changlang,3
Daporijo,3
Deomali,3
Itanagar,3
Jairampur,3
Khonsa,3
Naharlagun,3
Namsai,3
Pasighat,3
Roing,3
Seppa,3
Tawang,3
Tezu,3
Ziro,3
Abhayapuri,4
Ambikapur,4
Amguri,4
AnandNagar,4
Badarpur,4
BadarpurRailwayTown,4
BahbariGaon,4
BamunSualkuchi,4
Barbari,4
Barpathar,4
Barpeta,4
BarpetaRoad,4
Basugaon,4
Bihpuria,4
Bijni,4
Bilasipara,4
BiswanathChariali,4
Bohori,4
Bokajan,4
Bokokhat,4
Bongaigaon,4
BongaigaonPetro-chemicalTown,4
Borgolai,4
Chabua,4
ChandrapurBagicha,4
Chapar,4
Chekonidhara,4
ChotoHaibor,4
Dergaon,4
Dharapur,4
Dhekiajuli,4
Dhemaji,4
Dhing,4
Dhubri,4
Dhuburi,4
Dibrugarh,4
Digboi,4
DigboiOilTown,4
Dimaruguri,4
Diphu,4
Dispur,4
Doboka,4
Dokmoka,4
Donkamokan,4
Duliagaon,4
Duliajan,4
DuliajanNo.1,4
DumDuma,4
DurgaNagar,4
Gauripur,4
Goalpara,4
Gohpur,4
Golaghat,4
Golakganj,4
Gossaigaon,4
Guwahati,4
Haflong,4
Hailakandi,4
Hamren,4
Hauli,4
Hauraghat,4
Hojai,4
Jagiroad,4
JagiroadPaperMill,4
Jogighopa,4
JonaiBazar,4
Jorhat,4
KampurTown,4
Kamrup,4
Kanakpur,4
Karimganj,4
Kharijapikon,4
Kharupetia,4
Kochpara,4
Kokrajhar,4
KumarKaibartaGaon,4
Lakhimpur,4
Lakhipur,4
Lala,4
Lanka,4
LidoTikok,4
LidoTown,4
Lumding,4
LumdingRailwayColony,4
Mahur,4
Maibong,4
Majgaon,4
Makum,4
Mangaldai,4
Mankachar,4
Margherita,4
Mariani,4
Marigaon,4
Moran,4
Moranhat,4
Nagaon,4
Naharkatia,4
Nalbari,4
Namrup,4
NaubaisaGaon,4
Nazira,4
NewBongaigaonRailwayColony,4
Niz-Hajo,4
NorthGuwahati,4
Numaligarh,4
Palasbari,4
Panchgram,4
Pathsala,4
Raha,4
Rangapara,4
Rangia,4
Salakati,4
Sapatgram,4
Sarthebari,4
Sarupathar,4
SarupatharBengali,4
Senchoagaon,4
Sibsagar,4
Silapathar,4
Silchar,4
SilcharPart-X,4
Sonari,4
Sorbhog,4
Sualkuchi,4
Tangla,4
Tezpur,4
Tihu,4
Tinsukia,4
Titabor,4
Udalguri,4
Umrangso,4
UttarKrishnapurPart-I,4
Amarpur,5
Ara,5
Araria,5
Areraj,5
Asarganj,5
Aurangabad,5
Bagaha,5
Bahadurganj,5
Bairgania,5
Bakhtiyarpur,5
Banka,5
Banmankhi,5
BarBigha,5
Barauli,5
BarauniOilTownship,5
Barh,5
Barhiya,5
Bariapur,5
Baruni,5
Begusarai,5
Behea,5
Belsand,5
Bettiah,5
Bhabua,5
Bhagalpur,5
Bhimnagar,5
Bhojpur,5
Bihar,5
BiharSharif,5
Bihariganj,5
Bikramganj,5
Birpur,5
BodhGaya,5
Buxar,5
Chakia,5
Chanpatia,5
Chhapra,5
Chhatapur,5
Colgong,5
DalsinghSarai,5
Darbhanga,5
Daudnagar,5
Dehri,5
Dhaka,5
Dighwara,5
Dinapur,5
DinapurCantonment,5
Dumra,5
Dumraon,5
Fatwa,5
Forbesganj,5
Gaya,5
Gazipur,5
Ghoghardiha,5
GogriJamalpur,5
Gopalganj,5
Habibpur,5
Hajipur,5
Hasanpur,5
Hazaribagh,5
Hilsa,5
Hisua,5
Islampur,5
Jagdispur,5
Jahanabad,5
Jamalpur,5
Jamhaur,5
Jamui,5
JanakpurRoad,5
Janpur,5
Jaynagar,5
JhaJha,5
Jhanjharpur,5
Jogbani,5
Kanti,5
Kasba,5
Kataiya,5
Katihar,5
Khagaria,5
Khagaul,5
Kharagpur,5
Khusrupur,5
Kishanganj,5
Koath,5
Koilwar,5
Lakhisarai,5
Lalganj,5
Lauthaha,5
Madhepura,5
Madhubani,5
Maharajganj,5
MahnarBazar,5
Mairwa,5
Makhdumpur,5
Maner,5
Manihari,5
Marhaura,5
Masaurhi,5
Mirganj,5
Mohiuddinagar,5
Mokama,5
Motihari,5
Motipur,5
Munger,5
Murliganj,5
Muzaffarpur,5
Nabinagar,5
Narkatiaganj,5
Nasriganj,5
Natwar,5
Naugachhia,5
Nawada,5
Nirmali,5
Nokha,5
Paharpur,5
Patna,5
Phulwari,5
Piro,5
Purnia,5
Pusa,5
Rafiganj,5
Raghunathpur,5
Rajgir,5
Ramnagar,5
Raxaul,5
Revelganj,5
Rusera,5
Sagauli,5
Saharsa,5
Samastipur,5
Sasaram,5
Shahpur,5
Shaikhpura,5
Sherghati,5
Shivhar,5
Silao,5
Sitamarhi,5
Siwan,5
Sonepur,5
Sultanganj,5
Supaul,5
Teghra,5
Tekari,5
Thakurganj,5
Vaishali,5
WarisAliganj,5
Chandigarh,6
Ahiwara,7
Akaltara,7
AmbagarhChauki,7
Ambikapur,7
Arang,7
BadeBacheli,7
Bagbahara,7
Baikunthpur,7
Balod,7
Baloda,7
BalodaBazar,7
Banarsi,7
Basna,7
Bemetra,7
Bhanpuri,7
Bhatapara,7
Bhatgaon,7
Bhilai,7
Bilaspur,7
Bilha,7
Birgaon,7
Bodri,7
Champa,7
Charcha,7
Charoda,7
Chhuikhadan,7
Chirmiri,7
Dantewada,7
Deori,7
Dhamdha,7
Dhamtari,7
Dharamjaigarh,7
Dipka,7
DomanHillColliery,7
Dongargaon,7
Dongragarh,7
Durg,7
Frezarpur,7
Gandai,7
Gariaband,7
Gaurela,7
Gelhapani,7
Gharghoda,7
Gidam,7
GobraNawapara,7
Gogaon,7
Hatkachora,7
Jagdalpur,7
Jamui,7
Jashpurnagar,7
Jhagrakhand,7
Kanker,7
Katghora,7
Kawardha,7
Khairagarh,7
Khamhria,7
Kharod,7
Kharsia,7
KhongaPani,7
Kirandu,7
Kirandul,7
Kohka,7
Kondagaon,7
Korba,7
Korea,7
KoriaBlock,7
Kota,7
Kumhari,7
KumudKatta,7
Kurasia,7
Kurud,7
Lingiyadih,7
Lormi,7
Mahasamund,7
Mahendragarh,7
Mehmand,7
Mongra,7
Mowa,7
Mungeli,7
Nailajanjgir,7
NamnaKalan,7
NayaBaradwar,7
Pandariya,7
Patan,7
Pathalgaon,7
Pendra,7
Phunderdihari,7
Pithora,7
Raigarh,7
Raipur,7
Rajgamar,7
Rajhara,7
Rajnandgaon,7
RamanujGanj,7
Ratanpur,7
Sakti,7
Saraipali,7
Sarajpur,7
Sarangarh,7
Shivrinarayan,7
Simga,7
Sirgiti,7
Takhatpur,7
Telgaon,7
Tildanewra,7
Urla,7
Vishrampur,7
Amli,8
Silvassa,8
Daman,9
Diu,9
Delhi,10
NewDelhi,10
Aldona,11
Altinho,11
Aquem,11
Arpora,11
Bambolim,11
Bandora,11
Bardez,11
Benaulim,11
Betora,11
Bicholim,11
Calapor,11
Candolim,11
Caranzalem,11
Carapur,11
Chicalim,11
Chimbel,11
Chinchinim,11
Colvale,11
Corlim,11
Cortalim,11
Cuncolim,11
Curchorem,11
Curti,11
Davorlim,11
DonaPaula,11
Goa,11
Guirim,11
Jua,11
Kalangat,11
Kankon,11
Kundaim,11
Loutulim,11
Madgaon,11
Mapusa,11
Margao,11
Margaon,11
Miramar,11
Morjim,11
Mormugao,11
Navelim,11
Pale,11
Panaji,11
Parcem,11
Parra,11
PenhadeFranca,11
Pernem,11
Pilerne,11
Pissurlem,11
Ponda,11
Porvorim,11
Quepem,11
Queula,11
Raia,11
ReisMagos,11
Salcette,11
Saligao,11
Sancoale,11
Sanguem,11
Sanquelim,11
Sanvordem,11
SaoJose-de-Areal,11
Sattari,11
Serula,11
Sinquerim,11
Siolim,11
Taleigao,11
Tivim,11
Valpoi,11
Varca,11
Vasco,11
Verna,11
Abrama,12
Adalaj,12
Adityana,12
Advana,12
Ahmedabad,12
Ahwa,12
Alang,12
Ambaji,12
Ambaliyasan,12
Amod,12
Amreli,12
Amroli,12
Anand,12
Andada,12
Anjar,12
Anklav,12
Ankleshwar,12
AnklesvarINA,12
Antaliya,12
Arambhada,12
Asarma,12
Atul,12
Babra,12
Bag-e-Firdosh,12
Bagasara,12
Bahadarpar,12
Bajipura,12
Bajva,12
Balasinor,12
Banaskantha,12
Bansda,12
Bantva,12
Bardoli,12
Barwala,12
Bayad,12
Bechar,12
Bedi,12
Beyt,12
Bhachau,12
Bhanvad,12
Bharuch,12
BharuchINA,12
Bhavnagar,12
Bhayavadar,12
Bhestan,12
Bhuj,12
Bilimora,12
Bilkha,12
Billimora,12
Bodakdev,12
Bodeli,12
Bopal,12
Boria,12
Boriavi,12
Borsad,12
Botad,12
Cambay,12
Chaklasi,12
Chala,12
Chalala,12
Chalthan,12
Chanasma,12
Chandisar,12
Chandkheda,12
Chanod,12
Chaya,12
Chenpur,12
Chhapi,12
Chhaprabhatha,12
Chhatral,12
ChhotaUdepur,12
Chikhli,12
Chiloda,12
Chorvad,12
Chotila,12
Dabhoi,12
Dadara,12
Dahod,12
Dakor,12
Damnagar,12
Deesa,12
Delvada,12
DevgadhBaria,12
Devsar,12
Dhandhuka,12
Dhanera,12
Dhangdhra,12
Dhansura,12
Dharampur,12
Dhari,12
Dhola,12
Dholka,12
DholkaRural,12
Dhoraji,12
Dhrangadhra,12
Dhrol,12
Dhuva,12
Dhuwaran,12
Digvijaygram,12
Disa,12
Dungar,12
Dungarpur,12
Dungra,12
Dwarka,12
Flelanganj,12
GSFCComplex,12
Gadhda,12
Gandevi,12
Gandhidham,12
Gandhinagar,12
Gariadhar,12
Ghogha,12
Godhra,12
Gondal,12
HajiraINA,12
Halol,12
Halvad,12
Hansot,12
Harij,12
Himatnagar,12
Ichchhapor,12
Idar,12
Jafrabad,12
Jalalpore,12
Jambusar,12
Jamjodhpur,12
Jamnagar,12
Jasdan,12
Jawaharnagar,12
Jetalsar,12
Jetpur,12
Jodiya,12
Joshipura,12
Junagadh,12
Kadi,12
Kadodara,12
Kalavad,12
Kali,12
Kaliawadi,12
Kalol,12
KalolINA,12
Kandla,12
Kanjari,12
Kanodar,12
Kapadwanj,12
Karachiya,12
Karamsad,12
Karjan,12
Kathial,12
Kathor,12
Katpar,12
Kavant,12
Keshod,12
Kevadiya,12
Khambhaliya,12
Khambhat,12
Kharaghoda,12
KhedBrahma,12
Kheda,12
Kheralu,12
Kodinar,12
Kosamba,12
Kundla,12
Kutch,12
Kutiyana,12
Lakhtar,12
Lalpur,12
Lambha,12
Lathi,12
Limbdi,12
Limla,12
Lunavada,12
Madhapar,12
Maflipur,12
Mahemdavad,12
Mahudha,12
Mahuva,12
Mahuvar,12
Makarba,12
Makarpura,12
Makassar,12
Maktampur,12
Malia,12
Malpur,12
Manavadar,12
Mandal,12
Mandvi,12
Mangrol,12
Mansa,12
Meghraj,12
Mehsana,12
Mendarla,12
Mithapur,12
Modasa,12
Mogravadi,12
Morbi,12
Morvi,12
Mundra,12
Nadiad,12
Naliya,12
Nanakvada,12
Nandej,12
Nandesari,12
NandesariINA,12
Naroda,12
Navagadh,12
NavagamGhed,12
Navsari,12
Ode,12
Okaf,12
Okha,12
Olpad,12
Paddhari,12
Padra,12
Palanpur,12
Palej,12
Pali,12
Palitana,12
Paliyad,12
Pandesara,12
Panoli,12
Pardi,12
Parnera,12
Parvat,12
Patan,12
Patdi,12
Petlad,12
PetrochemicalComplex,12
Porbandar,12
Prantij,12
Radhanpur,12
Raiya,12
Rajkot,12
Rajpipla,12
Rajula,12
Ramod,12
Ranavav,12
Ranoli,12
Rapar,12
Sahij,12
Salaya,12
Sanand,12
Sankheda,12
Santrampur,12
Saribujrang,12
SarigamINA,12
Sayan,12
Sayla,12
Shahpur,12
Shahwadi,12
Shapar,12
Shivrajpur,12
Siddhapur,12
Sidhpur,12
Sihor,12
Sika,12
Singarva,12
Sinor,12
Sojitra,12
Sola,12
Songadh,12
SurajKaradi,12
Surat,12
Surendranagar,12
Talaja,12
Talala,12
Talod,12
Tankara,12
Tarsali,12
Thangadh,12
Tharad,12
Thasra,12
Udyognagar,12
Ukai,12
Umbergaon,12
UmbergaonINA,12
Umrala,12
Umreth,12
Un,12
Una,12
Unjha,12
Upleta,12
Utran,12
Uttarsanda,12
V.U.Nagar,12
V.V.Nagar,12
Vadia,12
Vadla,12
Vadnagar,12
Vadodara,12
VaghodiaINA,12
Valbhipur,12
VallabhVidyanagar,12
Valsad,12
ValsadINA,12
Vanthali,12
Vapi,12
VapiINA,12
Vartej,12
Vasad,12
VasnaBorsadINA,12
Vaso,12
Veraval,12
Vidyanagar,12
Vijalpor,12
Vijapur,12
Vinchhiya,12
Vinzol,12
Virpur,12
Visavadar,12
Visnagar,12
Vyara,12
Wadhwan,12
Waghai,12
Waghodia,12
Wankaner,12
Zalod,12
Ambala,13
AmbalaCantt,13
AsanKhurd,13
Asandh,13
Ateli,13
Babiyal,13
Bahadurgarh,13
Ballabgarh,13
Barwala,13
Bawal,13
BawaniKhera,13
Beri,13
Bhiwani,13
Bilaspur,13
Buria,13
CharkhiDadri,13
Chhachhrauli,13
Chita,13
Dabwali,13
Dharuhera,13
Dundahera,13
Ellenabad,13
Farakhpur,13
Faridabad,13
Farrukhnagar,13
Fatehabad,13
FirozpurJhirka,13
Gannaur,13
Ghraunda,13
Gohana,13
Gurgaon,13
Haileymandi,13
Hansi,13
Hasanpur,13
Hathin,13
Hisar,13
Hissar,13
Hodal,13
Indri,13
Jagadhri,13
JakhalMandi,13
Jhajjar,13
Jind,13
Julana,13
Kaithal,13
Kalanur,13
Kalanwali,13
Kalayat,13
Kalka,13
Kanina,13
Kansepur,13
Kardhan,13
Karnal,13
Kharkhoda,13
KheriSampla,13
Kundli,13
Kurukshetra,13
Ladrawan,13
Ladwa,13
Loharu,13
Maham,13
Mahendragarh,13
Mustafabad,13
NagaiChaudhry,13
Narayangarh,13
Narnaul,13
Narnaund,13
Narwana,13
Nilokheri,13
Nuh,13
Palwal,13
Panchkula,13
Panipat,13
PanipatTarafAnsar,13
PanipatTarafMakhdumZadgan,13
PanipatTarafRajputan,13
Pehowa,13
Pinjaur,13
Punahana,13
Pundri,13
Radaur,13
RaipurRani,13
Rania,13
Ratiya,13
Rewari,13
Rohtak,13
Ropar,13
Sadauri,13
Safidon,13
Samalkha,13
Sankhol,13
Sasauli,13
Shahabad,13
Sirsa,13
Siwani,13
Sohna,13
Sonipat,13
Sukhrali,13
Taoru,13
Taraori,13
Tauru,13
Thanesar,13
Tilpat,13
Tohana,13
Tosham,13
Uchana,13
UklanaMandi,13
UnchaSiwana,13
Yamunanagar,13
Arki,14
Baddi,14
Bakloh,14
Banjar,14
Bhota,14
Bhuntar,14
Bilaspur,14
Chamba,14
Chaupal,14
ChuariKhas,14
Dagshai,14
Dalhousie,14
DalhousieCantonment,14
Damtal,14
Daulatpur,14
DeraGopipur,14
Dhalli,14
Dharamshala,14
Gagret,14
Ghamarwin,14
Hamirpur,14
JawalaMukhi,14
Jogindarnagar,14
Jubbal,14
Jutogh,14
KalaAmb,14
Kalpa,14
Kangra,14
Kasauli,14
KotKhai,14
Kullu,14
Kulu,14
Manali,14
Mandi,14
MantKhas,14
MehatpurBasdehra,14
Nadaun,14
Nagrota,14
Nahan,14
NainaDevi,14
Nalagarh,14
Narkanda,14
Nurpur,14
Palampur,14
Pandoh,14
PaontaSahib,14
Parwanoo,14
Parwanu,14
Rajgarh,14
Rampur,14
Rawalsar,14
Rohru,14
Sabathu,14
Santokhgarh,14
Sarahan,14
SarkaGhat,14
Seoni,14
Shimla,14
Sirmaur,14
Solan,14
Solon,14
Sundarnagar,14
Sundernagar,14
Talai,14
Theog,14
TiraSujanpur,14
Una,14
Yol,14
Achabal,15
Akhnur,15
Anantnag,15
Arnia,15
Awantipora,15
BadamiBagh,15
Bandipur,15
Banihal,15
Baramula,15
Baramulla,15
BariBrahmana,15
Bashohli,15
Batote,15
Bhaderwah,15
Bijbiara,15
Billawar,15
Birwah,15
Bishna,15
Budgam,15
CharariSharief,15
Chenani,15
Doda,15
Duru-Verinag,15
Gandarbat,15
GhoManhasan,15
GorahSalathian,15
Gulmarg,15
Hajan,15
Handwara,15
Hiranagar,15
Jammu,15
JammuCantonment,15
JammuTawi,15
Jourian,15
Kargil,15
Kathua,15
Katra,15
KhanSahib,15
Khour,15
Khrew,15
Kishtwar,15
Kud,15
Kukernag,15
Kulgam,15
Kunzer,15
Kupwara,15
Lakhenpur,15
Leh,15
Magam,15
Mattan,15
Naushehra,15
Pahalgam,15
Pampore,15
Parole,15
Pattan,15
Pulwama,15
Punch,15
Qazigund,15
Rajauri,15
Ramban,15
Ramgarh,15
Ramnagar,15
RanbirsinghPora,15
Reasi,15
Rehambal,15
Samba,15
Shupiyan,15
Sopur,15
Srinagar,15
Sumbal,15
Sunderbani,15
Talwara,15
Thanamandi,15
Tral,15
Udhampur,15
Uri,15
Vijaypur,15
Adityapur,16
Amlabad,16
Angarpathar,16
Ara,16
BabuaKalan,16
Bagbahra,16
Baliapur,16
Baliari,16
Balkundra,16
Bandhgora,16
Barajamda,16
Barhi,16
BarkaKana,16
BarkiSaraiya,16
Barughutu,16
Barwadih,16
Basaria,16
Basukinath,16
Bermo,16
Bhagatdih,16
Bhaurah,16
Bhojudih,16
Bhuli,16
Bokaro,16
BorioBazar,16
Bundu,16
Chaibasa,16
Chaitudih,16
Chakradharpur,16
Chakulia,16
Chandaur,16
Chandil,16
Chandrapura,16
Chas,16
Chatra,16
Chhatatanr,16
Chhotaputki,16
Chiria,16
Chirkunda,16
Churi,16
Daltenganj,16
Danguwapasi,16
Dari,16
Deoghar,16
Deorikalan,16
Devghar,16
Dhanbad,16
Dhanwar,16
Dhaunsar,16
Dugda,16
Dumarkunda,16
Dumka,16
Egarkunr,16
Gadhra,16
Garwa,16
Ghatsila,16
Ghorabandha,16
Gidi,16
Giridih,16
Gobindpur,16
Godda,16
Godhar,16
Golphalbari,16
Gomoh,16
Gua,16
Gumia,16
Gumla,16
Haludbani,16
Hazaribag,16
Hesla,16
Husainabad,16
Isri,16
Jadugora,16
Jagannathpur,16
Jamadoba,16
Jamshedpur,16
Jamtara,16
Jarangdih,16
Jaridih,16
Jasidih,16
Jena,16
Jharia,16
JhariaKhas,16
Jhinkpani,16
JhumriTilaiya,16
Jorapokhar,16
Jugsalai,16
Kailudih,16
Kalikapur,16
Kandra,16
Kanke,16
Katras,16
Kedla,16
Kenduadih,16
Kharkhari,16
Kharsawan,16
Khelari,16
Khunti,16
KiriBuru,16
Kiriburu,16
Kodarma,16
Kuju,16
Kurpania,16
Kustai,16
Lakarka,16
Lapanga,16
Latehar,16
Lohardaga,16
Loiya,16
Loyabad,16
Madhupur,16
MaheshMundi,16
Maithon,16
Malkera,16
Mango,16
Manoharpur,16
Marma,16
MeghahatuburuForestvillage,16
Mera,16
Meru,16
Mihijam,16
Mugma,16
Muri,16
Mushabani,16
NagriKalan,16
Netarhat,16
Nirsa,16
Noamundi,16
Okni,16
Orla,16
Pakaur,16
Palamau,16
Palawa,16
Panchet,16
Panrra,16
Paratdih,16
Pathardih,16
Patratu,16
Phusro,16
PondarKanali,16
Rajmahal,16
Ramgarh,16
Ranchi,16
Ray,16
Rehla,16
Religara,16
Rohraband,16
Sahibganj,16
Sahnidih,16
Saraidhela,16
Saraikela,16
Sarjamda,16
Saunda,16
Sewai,16
Sijhua,16
Sijua,16
Simdega,16
Sindari,16
Sinduria,16
Sini,16
Sirka,16
Siuliban,16
Surubera,16
Tati,16
Tenudam,16
Tisra,16
Topa,16
Topchanchi,16
Adityanagar,17
Adityapatna,17
Afzalpur,17
Ajjampur,17
Aland,17
AlmattiSitimani,17
Alnavar,17
Alur,17
Ambikanagara,17
Anekal,17
Ankola,17
Annigeri,17
Arkalgud,17
Arsikere,17
Athni,17
Aurad,17
Badagavettu,17
Badami,17
Bagalkot,17
Bagepalli,17
Bailhongal,17
Baindur,17
Bajala,17
Bajpe,17
Banavar,17
Bangarapet,17
Bankapura,17
Bannur,17
Bantwal,17
Basavakalyan,17
BasavanaBagevadi,17
Belagula,17
Belakavadiq,17
Belgaum,17
BelgaumCantonment,17
Bellary,17
Belluru,17
Beltangadi,17
Belur,17
Belvata,17
Bengaluru,17
Bhadravati,17
Bhalki,17
Bhatkal,17
Bhimarayanagudi,17
Bhogadi,17
Bidar,17
Bijapur,17
Bilgi,17
Birur,17
Bommanahalli,17
Bommasandra,17
Byadgi,17
Byatarayanapura,17
ChakranagarColony,17
Challakere,17
Chamrajnagar,17
ChamundiBetta,17
Channagiri,17
Channapatna,17
Channarayapatna,17
Chickballapur,17
ChikBallapur,17
Chikkaballapur,17
Chikmagalur,17
Chiknayakanhalli,17
Chikodi,17
Chincholi,17
Chintamani,17
Chitaguppa,17
Chitapur,17
Chitradurga,17
Coorg,17
Dandeli,17
Dargajogihalli,17
Dasarahalli,17
Davangere,17
Devadurga,17
Devagiri,17
Devanhalli,17
Dharwar,17
Dhupdal,17
DodBallapur,17
Donimalai,17
Gadag,17
Gajendragarh,17
Ganeshgudi,17
Gangawati,17
Gangoli,17
Gauribidanur,17
Gokak,17
GokakFalls,17
Gonikoppal,17
Gorur,17
Gottikere,17
Gubbi,17
Gudibanda,17
Gulbarga,17
Guledgudda,17
Gundlupet,17
Gurmatkal,17
Haliyal,17
Hangal,17
Harihar,17
Harpanahalli,17
Hassan,17
Hatti,17
HattiGoldMines,17
Haveri,17
Hebbagodi,17
Hebbalu,17
Hebri,17
Heggadadevanakote,17
Herohalli,17
Hidkal,17
Hindalgi,17
Hirekerur,17
Hiriyur,17
Holalkere,17
HoleNarsipur,17
Homnabad,17
Honavar,17
Honnali,17
Hosakote,17
Hosanagara,17
Hosangadi,17
Hosdurga,17
Hoskote,17
Hospet,17
Hubli,17
Hukeri,17
Hunasagi,17
Hunasamaranahalli,17
Hungund,17
Hunsur,17
HuvinaHadagalli,17
Ilkal,17
Indi,17
Jagalur,17
Jamkhandi,17
Jevargi,17
JogFalls,17
KabiniColony,17
Kadur,17
Kalghatgi,17
Kamalapuram,17
Kampli,17
Kanakapura,17
KangraliBK,17
KangraliKH,17
Kannur,17
Karkala,17
Karwar,17
Kemminja,17
Kengeri,17
Kerur,17
Khanapur,17
Kodigenahalli,17
Kodiyal,17
Kodlipet,17
Kolar,17
Kollegal,17
Konanakunte,17
Konanur,17
Konnur,17
Koppa,17
Koppal,17
Koratagere,17
Kotekara,17
Kothnur,17
Kotturu,17
Krishnapura,17
Krishnarajanagar,17
Krishnarajapura,17
Krishnarajasagara,17
Krishnarajpet,17
Kudchi,17
Kudligi,17
Kudremukh,17
Kumsi,17
Kumta,17
Kundapura,17
Kundgol,17
Kunigal,17
Kurgunta,17
Kushalnagar,17
Kushtagi,17
Kyathanahalli,17
Lakshmeshwar,17
Lingsugur,17
Londa,17
Maddur,17
Madhugiri,17
Madikeri,17
Magadi,17
MagodFalls,17
MahadeswaraHills,17
Mahadevapura,17
Mahalingpur,17
Maisuru,17
MaisuruCantonment,17
Malavalli,17
Mallar,17
Malpe,17
Malur,17
Manchenahalli,17
Mandya,17
Mangalore,17
Mangaluru,17
Manipal,17
Manvi,17
Maski,17
MastikatteColony,17
Mayakonda,17
Melukote,17
Molakalmuru,17
Mudalgi,17
Mudbidri,17
Muddebihal,17
Mudgal,17
Mudhol,17
Mudigere,17
Mudushedde,17
Mulbagal,17
Mulgund,17
Mulki,17
Mulur,17
Mundargi,17
Mundgod,17
Munirabad,17
Munnur,17
Murudeshwara,17
Mysore,17
Nagamangala,17
Nanjangud,17
Naragund,17
Narasimharajapura,17
Naravi,17
Narayanpur,17
Naregal,17
Navalgund,17
Nelmangala,17
Nipani,17
Nitte,17
Nyamati,17
Padu,17
Pandavapura,17
Pattanagere,17
Pavagada,17
Piriyapatna,17
Ponnampet,17
Puttur,17
Rabkavi,17
Raichur,17
Ramanagaram,17
Ramdurg,17
Ranibennur,17
Raybag,17
Robertsonpet,17
Ron,17
Sadalgi,17
Sagar,17
Sakleshpur,17
Saligram,17
Sandur,17
Sanivarsante,17
Sankeshwar,17
Sargur,17
Sathyamangala,17
SaundattiYellamma,17
Savanur,17
Sedam,17
Shahabad,17
ShahabadA.C.C.,17
Shahapur,17
Shahpur,17
Shaktinagar,17
Shiggaon,17
Shikarpur,17
Shimoga,17
Shirhatti,17
Shorapur,17
Shravanabelagola,17
Shrirangapattana,17
Siddapur,17
Sidlaghatta,17
Sindgi,17
Sindhnur,17
Sira,17
Sirakoppa,17
Sirsi,17
Siruguppa,17
Someshwar,17
Somvarpet,17
Sorab,17
Sringeri,17
Srinivaspur,17
Sulya,17
Suntikopa,17
Talikota,17
Tarikera,17
Tekkalakota,17
Terdal,17
Thokur,17
Thumbe,17
Tiptur,17
Tirthahalli,17
TirumakudalNarsipur,17
Tonse,17
Tumkur,17
Turuvekere,17
Udupi,17
Ullal,17
Uttarahalli,17
Venkatapura,17
Vijayapura,17
Virarajendrapet,17
Wadi,17
WadiA.C.C.,17
Yadgir,17
Yelahanka,17
Yelandur,17
Yelbarga,17
Yellapur,17
Yenagudde,17
Adimaly,19
Adoor,19
Adur,19
Akathiyur,19
Alangad,19
Alappuzha,19
Aluva,19
Ancharakandy,19
Angamaly,19
Aroor,19
Arukutti,19
Attingal,19
Avinissery,19
AzhikodeNorth,19
AzhikodeSouth,19
Azhiyur,19
Balussery,19
Bangramanjeshwar,19
Beypur,19
Brahmakulam,19
Chala,19
Chalakudi,19
Changanacheri,19
Chauwara,19
Chavakkad,19
Chelakkara,19
Chelora,19
Chendamangalam,19
Chengamanad,19
Chengannur,19
Cheranallur,19
Cheriyakadavu,19
Cherthala,19
Cherukunnu,19
Cheruthazham,19
Cheruvannur,19
Cheruvattur,19
Chevvur,19
Chirakkal,19
Chittur,19
Chockli,19
Churnikkara,19
Dharmadam,19
Edappal,19
Edathala,19
Elayavur,19
Elur,19
Eranholi,19
Erattupetta,19
Ernakulam,19
Eruvatti,19
Ettumanoor,19
Feroke,19
Guruvayur,19
Haripad,19
Hosabettu,19
Idukki,19
Iringaprom,19
Irinjalakuda,19
Iriveri,19
Kadachira,19
Kadalundi,19
Kadamakkudy,19
Kadirur,19
Kadungallur,19
Kakkodi,19
Kalady,19
Kalamassery,19
Kalliasseri,19
Kalpetta,19
Kanhangad,19
Kanhirode,19
Kanjikkuzhi,19
Kanjikode,19
Kanjirappalli,19
Kannadiparamba,19
Kannangad,19
Kannapuram,19
Kannur,19
KannurCantonment,19
Karunagappally,19
Karuvamyhuruthy,19
Kasaragod,19
Kasargod,19
Kattappana,19
Kayamkulam,19
Kedamangalam,19
Kochi,19
Kodamthuruthu,19
Kodungallur,19
Koduvally,19
Koduvayur,19
Kokkothamangalam,19
Kolazhy,19
Kollam,19
Komalapuram,19
Koothattukulam,19
Koratty,19
Kothamangalam,19
Kottarakkara,19
Kottayam,19
KottayamMalabar,19
Kottuvally,19
Koyilandi,19
Kozhikode,19
Kudappanakunnu,19
Kudlu,19
Kumarakom,19
Kumily,19
Kunnamangalam,19
Kunnamkulam,19
Kurikkad,19
Kurkkanchery,19
Kuthuparamba,19
Kuttakulam,19
Kuttikkattur,19
Kuttur,19
Malappuram,19
Mallappally,19
Manjeri,19
Manjeshwar,19
Mannancherry,19
Mannar,19
Mannarakkat,19
Maradu,19
Marathakkara,19
Marutharod,19
Mattannur,19
Mavelikara,19
Mavilayi,19
Mavur,19
Methala,19
Muhamma,19
Mulavukad,19
Mundakayam,19
Munderi,19
Munnar,19
Muthakunnam,19
Muvattupuzha,19
Muzhappilangad,19
Nadapuram,19
Nadathara,19
Narath,19
Nattakam,19
Nedumangad,19
Nenmenikkara,19
NewMahe,19
Neyyattinkara,19
Nileshwar,19
Olavanna,19
Ottapalam,19
Ottappalam,19
Paduvilayi,19
Palai,19
Palakkad,19
Palayad,19
Palissery,19
Pallikkunnu,19
Paluvai,19
Panniyannur,19
Pantalam,19
Panthiramkavu,19
Panur,19
Pappinisseri,19
Parassala,19
Paravur,19
Pathanamthitta,19
Pathanapuram,19
Pathiriyad,19
Pattambi,19
Pattiom,19
Pavaratty,19
Payyannur,19
Peermade,19
Perakam,19
Peralasseri,19
Peringathur,19
Perinthalmanna,19
Perole,19
Perumanna,19
Perumbaikadu,19
Perumbavoor,19
Pinarayi,19
Piravam,19
Ponnani,19
Pottore,19
Pudukad,19
Punalur,19
Puranattukara,19
Puthunagaram,19
Puthuppariyaram,19
Puzhathi,19
Ramanattukara,19
Shoranur,19
SultansBattery,19
SulthanBathery,19
Talipparamba,19
Thaikkad,19
Thalassery,19
Thannirmukkam,19
Theyyalingal,19
Thiruvalla,19
Thiruvananthapuram,19
Thiruvankulam,19
Thodupuzha,19
Thottada,19
Thrippunithura,19
Thrissur,19
Tirur,19
Udma,19
Vadakara,19
Vaikam,19
Valapattam,19
Vallachira,19
Varam,19
Varappuzha,19
Varkala,19
Vayalar,19
Vazhakkala,19
Venmanad,19
Villiappally,19
Wayanad,19
Agethi,20
Amini,20
AndrothIsland,20
Kavaratti,20
Minicoy,20
Agar,21
Ajaigarh,21
Akoda,21
Akodia,21
Alampur,21
Alirajpur,21
Alot,21
Amanganj,21
Amarkantak,21
Amarpatan,21
Amarwara,21
Ambada,21
Ambah,21
Amla,21
Amlai,21
Anjad,21
Antri,21
Anuppur,21
Aron,21
Ashoknagar,21
Ashta,21
Babai,21
BadaMalhera,21
Badagaon,21
Badagoan,21
Badarwas,21
Badawada,21
Badi,21
Badkuhi,21
Badnagar,21
Badnawar,21
Badod,21
Badoda,21
Badra,21
Bagh,21
Bagli,21
Baihar,21
Baikunthpur,21
Bakswaha,21
Balaghat,21
Baldeogarh,21
Bamaniya,21
Bamhani,21
Bamor,21
Bamora,21
Banda,21
Bangawan,21
BansatarKheda,21
Baraily,21
Barela,21
Barghat,21
Bargi,21
Barhi,21
Barigarh,21
Barwaha,21
Barwani,21
Basoda,21
Begamganj,21
Beohari,21
Berasia,21
Betma,21
Betul,21
BetulBazar,21
Bhainsdehi,21
Bhamodi,21
Bhander,21
Bhanpura,21
Bharveli,21
Bhaurasa,21
Bhavra,21
Bhedaghat,21
Bhikangaon,21
Bhilakhedi,21
Bhind,21
Bhitarwar,21
Bhopal,21
Bhuibandh,21
Biaora,21
Bijawar,21
Bijeypur,21
Bijrauni,21
Bijuri,21
Bilaua,21
Bilpura,21
BinaRailwayColony,21
Bina-Etawa,21
Birsinghpur,21
Boda,21
Budhni,21
Burhanpur,21
Burhar,21
ChachauraBinaganj,21
Chakghat,21
ChandametaButar,21
Chanderi,21
Chandia,21
Chandla,21
ChauraiKhas,21
Chhatarpur,21
Chhindwara,21
ChhotaChhindwara,21
Chichli,21
Chitrakut,21
Churhat,21
Daboh,21
Dabra,21
Damoh,21
Damua,21
Datia,21
Deodara,21
Deori,21
DeoriKhas,21
Depalpur,21
Devendranagar,21
Devhara,21
Dewas,21
Dhamnod,21
Dhana,21
Dhanpuri,21
Dhar,21
Dharampuri,21
Dighawani,21
Diken,21
Dindori,21
Dola,21
DumarKachhar,21
DungariyaChhapara,21
Gadarwara,21
Gairatganj,21
GandhiSagarHydelColony,21
Ganjbasoda,21
Garhakota,21
GarhiMalhara,21
Garoth,21
Gautapura,21
Ghansor,21
Ghuwara,21
Gogaon,21
Gogapur,21
Gohad,21
Gormi,21
Govindgarh,21
Guna,21
Gurh,21
Gwalior,21
Hanumana,21
Harda,21
Harpalpur,21
Harrai,21
Harsud,21
Hatod,21
Hatpipalya,21
Hatta,21
Hindoria,21
Hirapur,21
Hoshangabad,21
Ichhawar,21
Iklehra,21
Indergarh,21
Indore,21
Isagarh,21
Itarsi,21
Jabalpur,21
JabalpurCantonment,21
JabalpurG.C.F,21
Jaisinghnagar,21
Jaithari,21
Jaitwara,21
Jamai,21
Jaora,21
Jatachhapar,21
Jatara,21
Jawad,21
Jawar,21
Jeronkhalsa,21
Jhabua,21
Jhundpura,21
Jiran,21
Jirapur,21
Jobat,21
Joura,21
Kailaras,21
Kaimur,21
Kakarhati,21
Kalichhapar,21
Kanad,21
Kannod,21
Kantaphod,21
Kareli,21
Karera,21
Kari,21
Karnawad,21
Karrapur,21
Kasrawad,21
Katangi,21
Katni,21
Kelhauri,21
Khachrod,21
Khajuraho,21
Khamaria,21
Khand,21
Khandwa,21
Khaniyadhana,21
Khargapur,21
Khargone,21
Khategaon,21
Khetia,21
Khilchipur,21
Khirkiya,21
Khujner,21
Khurai,21
Kolaras,21
Kotar,21
Kothi,21
Kotma,21
Kukshi,21
Kumbhraj,21
Kurwai,21
Lahar,21
Lakhnadon,21
Lateri,21
Laundi,21
LidhoraKhas,21
Lodhikheda,21
Loharda,21
Machalpur,21
Madhogarh,21
Maharajpur,21
Maheshwar,21
Mahidpur,21
Maihar,21
Majholi,21
Makronia,21
Maksi,21
MalajKhand,21
Malanpur,21
Malhargarh,21
Manasa,21
Manawar,21
Mandav,21
Mandideep,21
Mandla,21
Mandleshwar,21
Mandsaur,21
Manegaon,21
Mangawan,21
ManglayaSadak,21
Manpur,21
Mau,21
Mauganj,21
Meghnagar,21
MeharaGaon,21
`name`,`state_id`VALUES
Mehgaon,21
Mhaugaon,21
Mhow,21
Mihona,21
Mohgaon,21
Morar,21
Morena,21
Morwa,21
Multai,21
Mundi,21
Mungaoli,21
Murwara,21
Nagda,21
Nagod,21
Nagri,21
Naigarhi,21
Nainpur,21
Nalkheda,21
Namli,21
Narayangarh,21
Narsimhapur,21
Narsingarh,21
Narsinghpur,21
Narwar,21
Nasrullaganj,21
Naudhia,21
Naugaon,21
Naurozabad,21
Neemuch,21
NepaNagar,21
NeutonChikhliKalan,21
Nimach,21
Niwari,21
Obedullaganj,21
Omkareshwar,21
Orachha,21
OrdinanceFactoryItarsi,21
Pachmarhi,21
PachmarhiCantonment,21
Pachore,21
Palchorai,21
Palda,21
Palera,21
Pali,21
Panagar,21
Panara,21
Pandaria,21
Pandhana,21
Pandhurna,21
Panna,21
Pansemal,21
Parasia,21
Pasan,21
Patan,21
Patharia,21
Pawai,21
Petlawad,21
PhuphKalan,21
Pichhore,21
Pipariya,21
PipliyaMandi,21
Piploda,21
Pithampur,21
PolayKalan,21
Porsa,21
Prithvipur,21
Raghogarh,21
Rahatgarh,21
Raisen,21
Rajakhedi,21
Rajgarh,21
Rajnagar,21
Rajpur,21
RampurBaghelan,21
RampurNaikin,21
Rampura,21
Ranapur,21
Ranipura,21
Ratangarh,21
Ratlam,21
RatlamKasba,21
Rau,21
Rehli,21
Rehti,21
Rewa,21
Sabalgarh,21
Sagar,21
SagarCantonment,21
Sailana,21
Sanawad,21
Sanchi,21
Sanwer,21
Sarangpur,21
Sardarpur,21
Sarni,21
Satai,21
Satna,21
Satwas,21
Sausar,21
Sehore,21
Semaria,21
Sendhwa,21
Seondha,21
Seoni,21
SeoniMalwa,21
Sethia,21
Shahdol,21
Shahgarh,21
Shahpur,21
Shahpura,21
Shajapur,21
Shamgarh,21
Sheopur,21
Shivpuri,21
Shujalpur,21
Sidhi,21
Sihora,21
Singolo,21
Singrauli,21
Sinhasa,21
Sirgora,21
Sirmaur,21
Sironj,21
Sitamau,21
Sohagpur,21
Sonkatch,21
Soyatkalan,21
Suhagi,21
Sultanpur,21
Susner,21
Suthaliya,21
Tal,21
Talen,21
Tarana,21
Taricharkalan,21
Tekanpur,21
Tendukheda,21
Teonthar,21
Thandia,21
Tikamgarh,21
Timarni,21
Tirodi,21
Udaipura,21
Ujjain,21
Ukwa,21
Umaria,21
Unchahara,21
Unhel,21
VehicleFactoryJabalpur,21
Vidisha,21
Vijayraghavgarh,21
Waraseoni,21
Achalpur,22
Aheri,22
AhmadnagarCantonment,22
Ahmadpur,22
Ahmednagar,22
Ajra,22
Akalkot,22
Akkalkuwa,22
Akola,22
Akot,22
Alandi,22
Alibag,22
Allapalli,22
Alore,22
Amalner,22
Ambad,22
Ambajogai,22
Ambernath,22
AmbivaliTarfWankhal,22
Amgaon,22
Amravati,22
Anjangaon,22
Arvi,22
Ashta,22
Ashti,22
Aurangabad,22
AurangabadCantonment,22
Ausa,22
Babhulgaon,22
Badlapur,22
Balapur,22
Ballarpur,22
Baramati,22
Barshi,22
Basmat,22
Beed,22
Bhadravati,22
Bhagur,22
Bhandara,22
Bhigvan,22
Bhingar,22
Bhiwandi,22
Bhokhardan,22
Bhor,22
Bhosari,22
Bhum,22
Bhusawal,22
Bid,22
Biloli,22
Birwadi,22
Boisar,22
BopKhel,22
Brahmapuri,22
Budhgaon,22
Buldana,22
Buldhana,22
Butibori,22
Chakan,22
Chalisgaon,22
Chandrapur,22
Chandur,22
ChandurBazar,22
Chandvad,22
Chicholi,22
Chikhala,22
Chikhaldara,22
Chikhli,22
Chinchani,22
Chinchwad,22
Chiplun,22
Chopda,22
Dabhol,22
Dahance,22
Dahanu,22
Daharu,22
DapoliCamp,22
Darwa,22
Daryapur,22
Dattapur,22
Daund,22
Davlameti,22
Deglur,22
DehuRoad,22
Deolali,22
DeolaliPravara,22
Deoli,22
Desaiganj,22
DeulgaonRaja,22
Dewhadi,22
Dharangaon,22
Dharmabad,22
Dharur,22
Dhatau,22
Dhule,22
Digdoh,22
Diglur,22
Digras,22
Dombivli,22
Dondaicha,22
Dudhani,22
Durgapur,22
Dyane,22
Edandol,22
Eklahare,22
Faizpur,22
Fekari,22
Gadchiroli,22
Gadhinghaj,22
GandhiNagar,22
Ganeshpur,22
Gangakher,22
Gangapur,22
Gevrai,22
Ghatanji,22
Ghoti,22
Ghugus,22
Ghulewadi,22
Godoli,22
Gondia,22
Guhagar,22
Hadgaon,22
HarnaiBeach,22
Hinganghat,22
Hingoli,22
Hupari,22
Ichalkaranji,22
Igatpuri,22
Indapur,22
Jaisinghpur,22
Jalgaon,22
Jalna,22
Jamkhed,22
Jawhar,22
Jaysingpur,22
Jejuri,22
Jintur,22
Junnar,22
Kabnur,22
Kagal,22
Kalamb,22
Kalamnuri,22
Kalas,22
Kalmeshwar,22
Kalundre,22
Kalyan,22
Kamthi,22
KamthiCantonment,22
Kandari,22
Kandhar,22
Kandri,22
KandriII,22
Kanhan,22
Kankavli,22
Kannad,22
Karad,22
Karanja,22
KaranjeTarf,22
Karivali,22
Karjat,22
Karmala,22
KasaraBudruk,22
Katai,22
Katkar,22
Katol,22
Kegaon,22
Khadkale,22
Khadki,22
Khamgaon,22
Khapa,22
Kharadi,22
Kharakvasla,22
Khed,22
Kherdi,22
Khoni,22
Khopoli,22
Khuldabad,22
Kinwat,22
Kodoli,22
Kolhapur,22
Kon,22
Kondumal,22
Kopargaon,22
Kopharad,22
Koradi,22
Koregaon,22
Korochi,22
Kudal,22
Kundaim,22
Kundalwadi,22
Kurandvad,22
Kurduvadi,22
KusgaonBudruk,22
Lanja,22
Lasalgaon,22
Latur,22
Loha,22
Lohegaon,22
Lonar,22
Lonavala,22
Madhavnagar,22
Mahabaleshwar,22
Mahad,22
Mahadula,22
Maindargi,22
Majalgaon,22
Malegaon,22
Malgaon,22
Malkapur,22
Malwan,22
Manadur,22
Manchar,22
Mangalvedhe,22
MangrulPir,22
Manmad,22
Manor,22
Mansar,22
Manwath,22
Mapuca,22
Matheran,22
Mehkar,22
Mhasla,22
Mhaswad,22
MiraBhayandar,22
Miraj,22
Mohpa,22
Mohpada,22
Moram,22
Morshi,22
Mowad,22
Mudkhed,22
Mukhed,22
Mul,22
Mulshi,22
Mumbai,22
Murbad,22
Murgud,22
Murtijapur,22
Murud,22
Nachane,22
Nagardeole,22
Nagothane,22
Nagpur,22
Nakoda,22
Nalasopara,22
Naldurg,22
Nanded,22
Nandgaon,22
Nandura,22
Nandurbar,22
Narkhed,22
Nashik,22
Navapur,22
NaviMumbai,22
NaviMumbaiPanvel,22
Neral,22
Nigdi,22
Nilanga,22
Nildoh,22
Nimbhore,22
Ojhar,22
Osmanabad,22
Pachgaon,22
Pachora,22
Padagha,22
Paithan,22
Palghar,22
Pali,22
Panchgani,22
Pandhakarwada,22
Pandharpur,22
Panhala,22
Panvel,22
Paranda,22
Parbhani,22
Parli,22
Parola,22
Partur,22
Pasthal,22
Patan,22
Pathardi,22
Pathri,22
Patur,22
Pawni,22
Pen,22
Pethumri,22
Phaltan,22
Pimpri,22
Poladpur,22
Pulgaon,22
Pune,22
PuneCantonment,22
Purna,22
Purushottamnagar,22
Pusad,22
Rahimatpur,22
RahtaPimplas,22
Rahuri,22
Raigad,22
Rajapur,22
Rajgurunagar,22
Rajur,22
Rajura,22
Ramtek,22
Ratnagiri,22
Ravalgaon,22
Raver,22
Revadanda,22
Risod,22
RohaAshtami,22
Sakri,22
Sandor,22
Sangamner,22
Sangli,22
Sangole,22
Sasti,22
Sasvad,22
Satana,22
Satara,22
Savantvadi,22
Savda,22
Savner,22
SawariJawharnagar,22
Selu,22
Shahada,22
Shahapur,22
Shegaon,22
Shelar,22
Shendurjana,22
Shirdi,22
Shirgaon,22
Shirpur,22
Shirur,22
Shirwal,22
Shivatkar,22
Shrigonda,22
Shrirampur,22
ShrirampurRural,22
Sillewada,22
Sillod,22
Sindhudurg,22
Sindi,22
SindiTurfHindnagar,22
SindkhedRaja,22
Singnapur,22
Sinnar,22
Sirur,22
Sitasawangi,22
Solapur,22
Sonai,22
Sonegaon,22
Soyagaon,22
Srivardhan,22
Surgana,22
TalegaonDabhade,22
Taloda,22
Taloja,22
Talwade,22
Tarapur,22
Tasgaon,22
Tathavade,22
Tekadi,22
Telhara,22
Thane,22
Tirira,22
Totaladoh,22
Trimbak,22
Tuljapur,22
Tumsar,22
Uchgaon,22
Udgir,22
Ulhasnagar,22
Umarga,22
Umarkhed,22
Umarsara,22
UmbarPadaNandade,22
Umred,22
UmriPraganeBalapur,22
Uran,22
UranIslampur,22
Utekhol,22
Vada,22
Vadgaon,22
VadgaonKasba,22
Vaijapur,22
Vanvadi,22
Varangaon,22
Vasai,22
Vasantnagar,22
Vashind,22
Vengurla,22
Virar,22
Visapur,22
Vite,22
Vithalwadi,22
Wadi,22
Waghapur,22
Wai,22
Wajegaon,22
Walani,22
Wanadongri,22
Wani,22
Wardha,22
Warora,22
Warthi,22
Warud,22
Washim,22
Yaval,22
Yavatmal,22
Yeola,22
Yerkheda,22
Andro,23
BijoyGovinda,23
Bishnupur,23
Churachandpur,23
Heriok,23
Imphal,23
Jiribam,23
Kakching,23
KakchingKhunou,23
Khongman,23
Kumbi,23
Kwakta,23
Lamai,23
Lamjaotongba,23
Lamshang,23
Lilong,23
MayangImphal,23
Moirang,23
Moreh,23
Nambol,23
NaoriyaPakhanglakpa,23
Ningthoukhong,23
Oinam,23
Porompat,23
Samurou,23
SekmaiBazar,23
Senapati,23
SikhongSekmai,23
Sugnu,23
ThongkhongLaxmiBazar,23
Thoubal,23
Torban,23
Wangjing,23
Wangoi,23
Yairipok,23
Baghmara,24
Cherrapunji,24
Jawai,24
Madanrting,24
Mairang,24
Mawlai,24
Nongmynsong,24
Nongpoh,24
Nongstoin,24
Nongthymmai,24
Pynthorumkhrah,24
Resubelpara,24
Shillong,24
ShillongCantonment,24
Tura,24
Williamnagar,24
Aizawl,25
Bairabi,25
Biate,25
Champhai,25
Darlawn,25
Hnahthial,25
Kawnpui,25
Khawhai,25
Khawzawl,25
Kolasib,25
Lengpui,25
Lunglei,25
Mamit,25
NorthVanlaiphai,25
Saiha,25
Sairang,25
Saitul,25
Serchhip,25
Thenzawl,25
Tlabung,25
Vairengte,25
Zawlnuam,25
Chumukedima,26
Dimapur,26
Kohima,26
Mokokchung,26
Mon,26
Phek,26
Tuensang,26
Wokha,26
Zunheboto,26
Anandapur,29
Angul,29
Aska,29
Athgarh,29
Athmallik,29
Balagoda,29
Balangir,29
Balasore,29
Baleshwar,29
Balimeta,29
Balugaon,29
Banapur,29
Bangura,29
Banki,29
Banposh,29
Barbil,29
Bargarh,29
Baripada,29
Barpali,29
Basudebpur,29
Baudh,29
Belagachhia,29
Belaguntha,29
Belpahar,29
Berhampur,29
Bhadrak,29
Bhanjanagar,29
Bhawanipatna,29
Bhuban,29
Bhubaneswar,29
Binika,29
Birmitrapur,29
BishamaKatek,29
Bolangir,29
Brahmapur,29
Brajrajnagar,29
Buguda,29
Burla,29
Byasanagar,29
Champua,29
Chandapur,29
Chandbali,29
Chandili,29
Charibatia,29
Chatrapur,29
Chikitigarh,29
Chitrakonda,29
Choudwar,29
Cuttack,29
Dadhapatna,29
Daitari,29
Damanjodi,29
Deogarh,29
Deracolliery,29
Dhamanagar,29
Dhenkanal,29
Digapahandi,29
Dungamal,29
FertilizerCorporationofIndi,29
Ganjam,29
Ghantapada,29
Gopalpur,29
Gudari,29
Gunupur,29
Hatibandha,29
Hinjilikatu,29
Hirakud,29
Jagatsinghapur,29
Jajpur,29
Jalda,29
Jaleswar,29
Jatni,29
Jaypur,29
Jeypore,29
Jharsuguda,29
Jhumpura,29
Joda,29
Junagarh,29
Kamakhyanagar,29
Kantabanji,29
Kantilo,29
Karanja,29
Kashinagara,29
Kataka,29
Kavisuryanagar,29
Kendrapara,29
Kendujhar,29
Keonjhar,29
Kesinga,29
Khaliapali,29
Khalikote,29
Khandaparha,29
Kharhial,29
KharhialRoad,29
Khatiguda,29
Khurda,29
Kochinda,29
Kodala,29
Konark,29
Koraput,29
Kotaparh,29
Lanjigarh,29
Lattikata,29
Makundapur,29
Malkangiri,29
Mukhiguda,29
Nabarangpur,29
Nalco,29
Naurangapur,29
Nayagarh,29
Nilagiri,29
Nimaparha,29
Nuapada,29
Nuapatna,29
OCLIndustrialship,29
Padampur,29
Paradip,29
Paradwip,29
Parlakimidi,29
Patamundai,29
Patnagarh,29
Phulabani,29
Pipili,29
Polasara,29
Pratapsasan,29
Puri,29
Purushottampur,29
Rairangpur,29
RajGangpur,29
Rambha,29
Raurkela,29
RaurkelaCivilTownship,29
Rayagada,29
Redhakhol,29
Remuna,29
Rengali,29
Rourkela,29
Sambalpur,29
Sinapali,29
Sonepur,29
Sorada,29
Soro,29
Sunabeda,29
Sundargarh,29
Talcher,29
TalcherThermalPowerStation,29
Tarabha,29
Tensa,29
Titlagarh,29
Udala,29
Udayagiri,29
Umarkot,29
Vikrampur,29
Ariankuppam,31
Karaikal,31
Kurumbapet,31
Mahe,31
Ozhukarai,31
Pondicherry,31
Villianur,31
Yanam,31
Abohar,32
Adampur,32
Ahmedgarh,32
Ajnala,32
Akalgarh,32
Alawalpur,32
Amloh,32
Amritsar,32
AmritsarCantonment,32
AnandpurSahib,32
BadhniKalan,32
BaghPurana,32
Balachaur,32
Banaur,32
Banga,32
Banur,32
Baretta,32
Bariwala,32
Barnala,32
BassiPathana,32
Batala,32
Bathinda,32
Begowal,32
Behrampur,32
Bhabat,32
Bhadur,32
Bhankharpur,32
BharoliKalan,32
Bhawanigarh,32
Bhikhi,32
Bhikhiwind,32
Bhisiana,32
Bhogpur,32
Bhuch,32
Bhulath,32
BudhaTheh,32
Budhlada,32
Chima,32
Chohal,32
Dasuya,32
Daulatpur,32
DeraBabaNanak,32
DeraBassi,32
Dhanaula,32
DharamKot,32
Dhariwal,32
Dhilwan,32
Dhuri,32
Dinanagar,32
Dirba,32
Doraha,32
Faridkot,32
FatehNangal,32
FatehgarhChurian,32
FatehgarhSahib,32
Fazilka,32
Firozpur,32
FirozpurCantonment,32
Gardhiwala,32
Garhshankar,32
Ghagga,32
Ghanaur,32
Giddarbaha,32
Gobindgarh,32
Goniana,32
Goraya,32
Gurdaspur,32
GuruHarSahai,32
Hajipur,32
Handiaya,32
Hariana,32
Hoshiarpur,32
Hussainpur,32
Jagraon,32
Jaitu,32
Jalalabad,32
Jalandhar,32
JalandharCantonment,32
Jandiala,32
Jugial,32
Kalanaur,32
Kapurthala,32
Karoran,32
Kartarpur,32
Khamanon,32
Khanauri,32
Khanna,32
Kharar,32
KhemKaran,32
KotFatta,32
KotIsaKhan,32
KotKapura,32
Kotkapura,32
Kurali,32
Lalru,32
LehraGaga,32
LodhianKhas,32
Longowal,32
Ludhiana,32
Machhiwara,32
Mahilpur,32
Majitha,32
Makhu,32
Malaut,32
Malerkotla,32
Maloud,32
MandiGobindgarh,32
Mansa,32
Maur,32
Moga,32
Mohali,32
Moonak,32
Morinda,32
Mukerian,32
Muktsar,32
MullanpurDakha,32
MullanpurGaribdas,32
Munak,32
Muradpura,32
Nabha,32
Nakodar,32
Nangal,32
Nawashahr,32
NayaNangal,32
Nehon,32
Nurmahal,32
Pathankot,32
Patiala,32
Patti,32
Pattran,32
Payal,32
Phagwara,32
Phillaur,32
Qadian,32
Rahon,32
Raikot,32
RajaSansi,32
Rajpura,32
RamDas,32
Raman,32
Rampura,32
Rayya,32
Rupnagar,32
RurkiKasba,32
Sahnewal,32
Samana,32
Samrala,32
Sanaur,32
Sangat,32
Sangrur,32
Sansarpur,32
Sardulgarh,32
Shahkot,32
ShamChurasi,32
Shekhpura,32
Sirhind,32
SriHargobindpur,32
Sujanpur,32
SultanpurLodhi,32
Sunam,32
TalwandiBhai,32
Talwara,32
Tappa,32
TarnTaran,32
UrmarTanda,32
Zira,32
Zirakpur,32
AbuRoad,33
Ajmer,33
Aklera,33
Alwar,33
Amet,33
Antah,33
Anupgarh,33
Asind,33
Bagar,33
Bagru,33
Bahror,33
Bakani,33
Bali,33
Balotra,33
Bandikui,33
Banswara,33
Baran,33
Bari,33
BariSadri,33
Barmer,33
Basi,33
BasniBelima,33
Baswa,33
Bayana,33
Beawar,33
Begun,33
Bhadasar,33
Bhadra,33
Bhalariya,33
Bharatpur,33
Bhasawar,33
BhawaniMandi,33
Bhawri,33
Bhilwara,33
Bhindar,33
Bhinmal,33
Bhiwadi,33
BijoliyaKalan,33
Bikaner,33
Bilara,33
Bissau,33
Borkhera,33
Budhpura,33
Bundi,33
Chatsu,33
Chechat,33
Chhabra,33
Chhapar,33
ChhipaBarod,33
ChhotiSadri,33
Chirawa,33
Chittaurgarh,33
Chittorgarh,33
Chomun,33
Churu,33
Daosa,33
Dariba,33
Dausa,33
Deoli,33
Deshnok,33
Devgarh,33
Devli,33
Dhariawad,33
Dhaulpur,33
Dholpur,33
Didwana,33
Dig,33
Dungargarh,33
Dungarpur,33
Falna,33
Fatehnagar,33
Fatehpur,33
Gajsinghpur,33
Galiakot,33
Ganganagar,33
Gangapur,33
GorediChancha,33
Gothra,33
Govindgarh,33
Gulabpura,33
Hanumangarh,33
Hindaun,33
Indragarh,33
Jahazpur,33
Jaipur,33
Jaisalmer,33
Jaiselmer,33
Jaitaran,33
Jalore,33
Jhalawar,33
Jhalrapatan,33
Jhunjhunun,33
Jobner,33
Jodhpur,33
Kaithun,33
Kaman,33
Kankroli,33
Kanor,33
Kapasan,33
Kaprain,33
Karanpura,33
Karauli,33
Kekri,33
KeshoraiPatan,33
Kesrisinghpur,33
Khairthal,33
Khandela,33
Khanpur,33
Kherli,33
Kherliganj,33
KherwaraChhaoni,33
Khetri,33
Kiranipura,33
Kishangarh,33
KishangarhRanwal,33
KolviRajendrapura,33
KotPutli,33
Kota,33
Kuchaman,33
Kuchera,33
Kumbhalgarh,33
Kumbhkot,33
Kumher,33
Kushalgarh,33
Lachhmangarh,33
Ladnun,33
Lakheri,33
Lalsot,33
Losal,33
Madanganj,33
MahuKalan,33
Mahwa,33
Makrana,33
Malpura,33
Mandal,33
Mandalgarh,33
Mandawar,33
Mandwa,33
Mangrol,33
ManoharThana,33
Manoharpur,33
Marwar,33
Merta,33
Modak,33
MountAbu,33
Mukandgarh,33
Mundwa,33
Nadbai,33
Naenwa,33
Nagar,33
Nagaur,33
Napasar,33
Naraina,33
Nasirabad,33
Nathdwara,33
Nawa,33
Nawalgarh,33
NeemKaThana,33
Neemrana,33
NewaTalai,33
Nimaj,33
Nimbahera,33
Niwai,33
Nohar,33
Nokha,33
OneSGM,33
Padampur,33
Pali,33
Partapur,33
Parvatsar,33
Pasoond,33
Phalna,33
Phalodi,33
Phulera,33
Pilani,33
Pilibanga,33
Pindwara,33
PipaliaKalan,33
Pipar,33
Pirawa,33
Pokaran,33
Pratapgarh,33
Pushkar,33
Raipur,33
Raisinghnagar,33
Rajakhera,33
Rajaldesar,33
Rajgarh,33
Rajsamand,33
RamganjMandi,33
Ramgarh,33
Rani,33
Raniwara,33
RatanNagar,33
Ratangarh,33
Rawatbhata,33
Rawatsar,33
Rikhabdev,33
Ringas,33
Sadri,33
Sadulshahar,33
Sagwara,33
Salumbar,33
Sambhar,33
Samdari,33
Sanchor,33
Sangariya,33
Sangod,33
Sardarshahr,33
Sarwar,33
SatalKheri,33
SawaiMadhopur,33
SewanKalan,33
Shahpura,33
Sheoganj,33
Sikar,33
Sirohi,33
Siwana,33
Sogariya,33
Sojat,33
SojatRoad,33
SriMadhopur,33
Sriganganagar,33
Sujangarh,33
Suket,33
Sumerpur,33
Sunel,33
Surajgarh,33
Suratgarh,33
Swaroopganj,33
Takhatgarh,33
Taranagar,33
ThreeSTR,33
Tijara,33
TodaBhim,33
TodaRaisingh,33
Todra,33
Tonk,33
Udaipur,33
Udpura,33
Uniara,33
Vanasthali,33
Vidyavihar,33
Vijainagar,33
Viratnagar,33
Wer,33
Gangtok,34
Gezing,34
Jorethang,34
Mangan,34
Namchi,34
NayaBazar,34
NoCity,34
Rangpo,34
Sikkim,34
Singtam,34
UpperTadong,34
Abiramam,35
Achampudur,35
Acharapakkam,35
Acharipallam,35
Achipatti,35
Adikaratti,35
Adiramapattinam,35
Aduturai,35
Adyar,35
Agaram,35
Agasthiswaram,35
Akkaraipettai,35
Alagappapuram,35
Alagapuri,35
Alampalayam,35
Alandur,35
Alanganallur,35
Alangayam,35
Alangudi,35
Alangulam,35
Alanthurai,35
Alapakkam,35
Allapuram,35
Alur,35
AlwarTirunagari,35
Alwarkurichi,35
Ambasamudram,35
Ambur,35
Ammainaickanur,35
Ammaparikuppam,35
Ammapettai,35
Ammavarikuppam,35
Ammur,35
Anaimalai,35
Anaiyur,35
Anakaputhur,35
Ananthapuram,35
Andanappettai,35
Andipalayam,35
Andippatti,35
Anjugramam,35
Annamalainagar,35
Annavasal,35
Annur,35
Anthiyur,35
Appakudal,35
Arachalur,35
Arakandanallur,35
Arakonam,35
Aralvaimozhi,35
Arani,35
AraniRoad,35
Arantangi,35
Arasiramani,35
Aravakurichi,35
Aravankadu,35
Arcot,35
Arimalam,35
Ariyalur,35
Ariyappampalayam,35
Ariyur,35
Arni,35
ArulmiguThirumuruganpundi,35
Arumanai,35
Arumbavur,35
Arumuganeri,35
Aruppukkottai,35
Ashokapuram,35
Athani,35
Athanur,35
Athimarapatti,35
Athipattu,35
Athur,35
Attayyampatti,35
Attur,35
Auroville,35
Avadattur,35
Avadi,35
Avalpundurai,35
Avaniapuram,35
Avinashi,35
Ayakudi,35
Ayanadaippu,35
Aygudi,35
Ayothiapattinam,35
Ayyalur,35
Ayyampalayam,35
Ayyampettai,35
Azhagiapandiapuram,35
Balakrishnampatti,35
Balakrishnapuram,35
Balapallam,35
Balasamudram,35
Bargur,35
Belur,35
Berhatty,35
Bhavani,35
Bhawanisagar,35
Bhuvanagiri,35
Bikketti,35
Bodinayakkanur,35
BrahmanaPeriyaAgraharam,35
Buthapandi,35
Buthipuram,35
Chatrapatti,35
Chembarambakkam,35
Chengalpattu,35
Chengam,35
Chennai,35
Chennasamudram,35
Chennimalai,35
Cheranmadevi,35
Cheruvanki,35
Chetpet,35
Chettiarpatti,35
Chettipalaiyam,35
ChettipalayamCantonment,35
Chettithangal,35
Cheyur,35
Cheyyar,35
Chidambaram,35
Chinalapatti,35
ChinnaAnuppanadi,35
ChinnaSalem,35
Chinnakkampalayam,35
Chinnammanur,35
Chinnampalaiyam,35
Chinnasekkadu,35
Chinnavedampatti,35
Chitlapakkam,35
Chittodu,35
Cholapuram,35
Coimbatore,35
Coonoor,35
Courtalam,35
Cuddalore,35
Dalavaipatti,35
Darasuram,35
Denkanikottai,35
Desur,35
Devadanapatti,35
Devakkottai,35
Devakottai,35
Devanangurichi,35
Devarshola,35
Devasthanam,35
Dhalavoipuram,35
Dhali,35
Dhaliyur,35
Dharapadavedu,35
Dharapuram,35
Dharmapuri,35
Dindigul,35
Dusi,35
Edaganasalai,35
Edaikodu,35
Edakalinadu,35
Elathur,35
Elayirampannai,35
Elumalai,35
Eral,35
Eraniel,35
Eriodu,35
Erode,35
Erumaipatti,35
Eruvadi,35
Ethapur,35
Ettaiyapuram,35
Ettimadai,35
Ezhudesam,35
Ganapathipuram,35
GandhiNagar,35
Gangaikondan,35
Gangavalli,35
Ganguvarpatti,35
Gingi,35
Gopalasamudram,35
Gopichettipalaiyam,35
Gudalur,35
Gudiyattam,35
Guduvanchery,35
Gummidipoondi,35
Hanumanthampatti,35
Harur,35
Harveypatti,35
Highways,35
Hosur,35
Hubbathala,35
Huligal,35
Idappadi,35
Idikarai,35
Ilampillai,35
Ilanji,35
Iluppaiyurani,35
Iluppur,35
InamKarur,35
Injambakkam,35
Irugur,35
Jaffrabad,35
Jagathala,35
Jalakandapuram,35
Jalladiampet,35
Jambai,35
Jayankondam,35
Jolarpet,35
Kadambur,35
Kadathur,35
Kadayal,35
Kadayampatti,35
Kadayanallur,35
Kadiapatti,35
Kalakkad,35
Kalambur,35
Kalapatti,35
Kalappanaickenpatti,35
Kalavai,35
Kalinjur,35
Kaliyakkavilai,35
Kallakkurichi,35
Kallakudi,35
Kallidaikurichchi,35
Kallukuttam,35
Kallupatti,35
Kalpakkam,35
Kalugumalai,35
Kamayagoundanpatti,35
Kambainallur,35
Kambam,35
Kamuthi,35
Kanadukathan,35
Kanakkampalayam,35
Kanam,35
Kanchipuram,35
Kandanur,35
Kangayam,35
Kangayampalayam,35
Kangeyanallur,35
Kaniyur,35
Kanjikoil,35
Kannadendal,35
Kannamangalam,35
Kannampalayam,35
Kannankurichi,35
Kannapalaiyam,35
Kannivadi,35
Kanyakumari,35
Kappiyarai,35
Karaikkudi,35
Karamadai,35
Karambakkam,35
Karambakkudi,35
Kariamangalam,35
Kariapatti,35
Karugampattur,35
KarumandiChellipalayam,35
Karumathampatti,35
Karumbakkam,35
Karungal,35
Karunguzhi,35
Karuppur,35
Karur,35
Kasipalaiyam,35
KasipalayamG,35
Kathirvedu,35
Kathujuganapalli,35
Katpadi,35
Kattivakkam,35
Kattumannarkoil,35
Kattupakkam,35
Kattuputhur,35
Kaveripakkam,35
Kaveripattinam,35
Kavundampalaiyam,35
Kavundampalayam,35
Kayalpattinam,35
Kayattar,35
Kelamangalam,35
Kelambakkam,35
Kembainaickenpalayam,35
Kethi,35
Kilakarai,35
Kilampadi,35
Kilkulam,35
Kilkunda,35
Killiyur,35
Killlai,35
Kilpennathur,35
Kilvelur,35
Kinathukadavu,35
Kiramangalam,35
Kiranur,35
Kiripatti,35
Kizhapavur,35
Kmarasamipatti,35
Kochadai,35
Kodaikanal,35
Kodambakkam,35
Kodavasal,35
Kodumudi,35
Kolachal,35
Kolappalur,35
Kolathupalayam,35
Kolathur,35
Kollankodu,35
Kollankoil,35
Komaralingam,35
Komarapalayam,35
Kombai,35
Konakkarai,35
Konavattam,35
Kondalampatti,35
Konganapuram,35
Koradacheri,35
Korampallam,35
Kotagiri,35
Kothinallur,35
Kottaiyur,35
Kottakuppam,35
Kottaram,35
Kottivakkam,35
Kottur,35
Kovilpatti,35
Koyampattur,35
Krishnagiri,35
Krishnarayapuram,35
Krishnasamudram,35
Kuchanur,35
Kuhalur,35
Kulasekarappattinam,35
Kulasekarapuram,35
Kulithalai,35
Kumarapalaiyam,35
Kumarapalayam,35
Kumarapuram,35
Kumbakonam,35
Kundrathur,35
Kuniyamuthur,35
Kunnathur,35
Kunur,35
Kuraikundu,35
Kurichi,35
Kurinjippadi,35
Kurudampalaiyam,35
Kurumbalur,35
Kuthalam,35
Kuthappar,35
Kuttalam,35
Kuttanallur,35
Kuzhithurai,35
Labbaikudikadu,35
Lakkampatti,35
Lalgudi,35
Lalpet,35
Llayangudi,35
Madambakkam,35
Madanur,35
Madathukulam,35
Madhavaram,35
Madippakkam,35
Madukkarai,35
Madukkur,35
Madurai,35
Maduranthakam,35
Maduravoyal,35
Mahabalipuram,35
Makkinanpatti,35
Mallamuppampatti,35
Mallankinaru,35
Mallapuram,35
Mallasamudram,35
Mallur,35
Mamallapuram,35
Mamsapuram,35
Manachanallur,35
Manali,35
Manalmedu,35
Manalurpet,35
Manamadurai,35
Manapakkam,35
Manapparai,35
Manavalakurichi,35
Mandaikadu,35
Mandapam,35
Mangadu,35
Mangalam,35
Mangalampet,35
Manimutharu,35
Mannargudi,35
Mappilaiurani,35
MaraimalaiNagar,35
Marakkanam,35
Maramangalathupatti,35
Marandahalli,35
Markayankottai,35
Marudur,35
Marungur,35
Masinigudi,35
Mathigiri,35
Mattur,35
Mayiladuthurai,35
Mecheri,35
Melacheval,35
Melachokkanathapuram,35
Melagaram,35
Melamadai,35
Melamaiyur,35
Melanattam,35
Melathiruppanthuruthi,35
Melattur,35
Melmananbedu,35
Melpattampakkam,35
Melur,35
Melvisharam,35
Mettupalayam,35
Mettur,35
Meyyanur,35
Milavittan,35
Minakshipuram,35
Minambakkam,35
Minjur,35
Modakurichi,35
Mohanur,35
Mopperipalayam,35
Mudalur,35
Mudichur,35
Mudukulathur,35
Mukasipidariyur,35
Mukkudal,35
Mulagumudu,35
Mulakaraipatti,35
Mulanur,35
Mullakkadu,35
Muruganpalayam,35
Musiri,35
Muthupet,35
Muthur,35
Muttayyapuram,35
Muttupet,35
Muvarasampettai,35
Myladi,35
Mylapore,35
Nadukkuthagai,35
Naduvattam,35
Nagapattinam,35
Nagavakulam,35
Nagercoil,35
Nagojanahalli,35
Nallampatti,35
Nallur,35
Namagiripettai,35
Namakkal,35
Nambiyur,35
Nambutalai,35
Nandambakkam,35
Nandivaram,35
Nangavalli,35
Nangavaram,35
Nanguneri,35
Nanjikottai,35
Nannilam,35
Naranammalpuram,35
Naranapuram,35
Narasimhanaickenpalayam,35
Narasingapuram,35
Narasojipatti,35
Naravarikuppam,35
Nasiyanur,35
Natham,35
Nathampannai,35
Natrampalli,35
Nattam,35
Nattapettai,35
Nattarasankottai,35
Navalpattu,35
Nazarethpettai,35
Nazerath,35
Neikkarapatti,35
Neiyyur,35
Nellikkuppam,35
Nelliyalam,35
Nemili,35
Nemilicheri,35
Neripperichal,35
Nerkunram,35
Nerkuppai,35
Nerunjipettai,35
Neykkarappatti,35
Neyveli,35
Nidamangalam,35
Nilagiri,35
Nilakkottai,35
Nilankarai,35
Odaipatti,35
Odaiyakulam,35
Oddanchatram,35
Odugathur,35
Oggiyamduraipakkam,35
Olagadam,35
Omalur,35
Ooty,35
Orathanadu,35
Othakadai,35
Othakalmandapam,35
Ottapparai,35
Pacode,35
Padaividu,35
Padianallur,35
Padirikuppam,35
Padmanabhapuram,35
Padririvedu,35
Palaganangudy,35
Palaimpatti,35
Palakkodu,35
Palamedu,35
Palani,35
PalaniChettipatti,35
Palavakkam,35
Palavansathu,35
Palayakayal,35
Palayam,35
Palayamkottai,35
Palladam,35
Pallapalayam,35
Pallapatti,35
Pallattur,35
Pallavaram,35
Pallikaranai,35
Pallikonda,35
Pallipalaiyam,35
PallipalaiyamAgraharam,35
Pallipattu,35
Pammal,35
Panagudi,35
Panaimarathupatti,35
Panapakkam,35
Panboli,35
Pandamangalam,35
Pannaikadu,35
Pannaipuram,35
Pannuratti,35
Panruti,35
Papanasam,35
Pappankurichi,35
Papparapatti,35
Pappireddipatti,35
Paramakkudi,35
Paramankurichi,35
Paramathi,35
Parangippettai,35
Paravai,35
Pasur,35
Pathamadai,35
Pattinam,35
Pattiviranpatti,35
Pattukkottai,35
Pazhugal,35
Pennadam,35
Pennagaram,35
Pennathur,35
Peraiyur,35
Peralam,35
Perambalur,35
Peranamallur,35
Peravurani,35
Periyakodiveri,35
Periyakulam,35
Periyanayakkanpalaiyam,35
Periyanegamam,35
Periyapatti,35
Periyasemur,35
Pernambut,35
Perumagalur,35
Perumandi,35
Perumuchi,35
Perundurai,35
Perungalathur,35
Perungudi,35
Perungulam,35
Perur,35
PerurChettipalaiyam,35
Pethampalayam,35
Pethanaickenpalayam,35
Pillanallur,35
Pirkankaranai,35
Polichalur,35
Pollachi,35
Polur,35
Ponmani,35
Ponnamaravathi,35
Ponnampatti,35
Ponneri,35
Porur,35
Pothanur,35
Pothatturpettai,35
Pudukadai,35
PudukkottaiCantonment,35
Pudukottai,35
PudupalaiyamAghraharam,35
Pudupalayam,35
Pudupatti,35
Pudupattinam,35
Pudur,35
Puduvayal,35
Pulambadi,35
Pulampatti,35
Puliyampatti,35
Puliyankudi,35
Puliyur,35
Pullampadi,35
Puluvapatti,35
Punamalli,35
PunjaiPuliyampatti,35
PunjaiThottakurichi,35
Punjaipugalur,35
Puthalam,35
Putteri,35
Puvalur,35
Puzhal,35
Puzhithivakkam,35
Rajapalayam,35
Ramanathapuram,35
Ramapuram,35
Rameswaram,35
Ranipet,35
Rasipuram,35
Rayagiri,35
Rithapuram,35
Rosalpatti,35
Rudravathi,35
Sadayankuppam,35
SaintThomasMount,35
Salangapalayam,35
Salem,35
Samalapuram,35
Samathur,35
SambavarVadagarai,35
Sankaramanallur,35
Sankarankoil,35
Sankarapuram,35
Sankari,35
Sankarnagar,35
Saravanampatti,35
Sarcarsamakulam,35
Sathiyavijayanagaram,35
Sathuvachari,35
Sathyamangalam,35
Sattankulam,35
Sattur,35
Sayalgudi,35
Sayapuram,35
Seithur,35
Sembakkam,35
Semmipalayam,35
Sennirkuppam,35
Senthamangalam,35
Sentharapatti,35
Senur,35
Sethiathoppu,35
Sevilimedu,35
Sevugampatti,35
Shenbakkam,35
Shencottai,35
Shenkottai,35
Sholavandan,35
Sholinganallur,35
Sholingur,35
Sholur,35
Sikkarayapuram,35
Singampuneri,35
Singanallur,35
Singaperumalkoil,35
Sirapalli,35
Sirkali,35
Sirugamani,35
Sirumugai,35
Sithayankottai,35
Sithurajapuram,35
Sivaganga,35
Sivagiri,35
Sivakasi,35
Sivanthipuram,35
Sivur,35
Soranjeri,35
SouthKannanur,35
SouthKodikulam,35
Srimushnam,35
Sriperumpudur,35
Sriramapuram,35
Srirangam,35
Srivaikuntam,35
Srivilliputtur,35
Suchindram,35
Suliswaranpatti,35
Sulur,35
Sundarapandiam,35
Sundarapandiapuram,35
Surampatti,35
Surandai,35
Suriyampalayam,35
Swamimalai,35
TNPLPugalur,35
Tambaram,35
Taramangalam,35
Tattayyangarpettai,35
Tayilupatti,35
Tenkasi,35
Thadikombu,35
Thakkolam,35
Thalainayar,35
Thalakudi,35
Thamaraikulam,35
Thammampatti,35
Thanjavur,35
Thanthoni,35
Tharangambadi,35
Thedavur,35
Thenambakkam,35
Thengampudur,35
Theni,35
TheniAllinagaram,35
Thenkarai,35
Thenthamaraikulam,35
Thenthiruperai,35
Thesur,35
Thevaram,35
Thevur,35
Thiagadurgam,35
ThiagarajarColony,35
Thingalnagar,35
Thiruchirapalli,35
Thirukarungudi,35
Thirukazhukundram,35
Thirumalayampalayam,35
Thirumazhisai,35
Thirunagar,35
Thirunageswaram,35
Thirunindravur,35
Thirunirmalai,35
Thiruparankundram,35
Thiruparappu,35
Thiruporur,35
Thiruppanandal,35
Thirupuvanam,35
Thiruthangal,35
Thiruthuraipundi,35
Thiruvaivaru,35
Thiruvalam,35
Thiruvarur,35
Thiruvattaru,35
Thiruvenkatam,35
Thiruvennainallur,35
Thiruvithankodu,35
Thisayanvilai,35
Thittacheri,35
Thondamuthur,35
Thorapadi,35
Thottipalayam,35
Thottiyam,35
Thudiyalur,35
Thuthipattu,35
Thuvakudi,35
Timiri,35
Tindivanam,35
Tinnanur,35
Tiruchchendur,35
Tiruchengode,35
Tirukkalukkundram,35
Tirukkattuppalli,35
Tirukkoyilur,35
Tirumangalam,35
Tirumullaivasal,35
Tirumuruganpundi,35
Tirunageswaram,35
Tirunelveli,35
Tirupathur,35
Tirupattur,35
Tiruppuvanam,35
Tirupur,35
Tirusulam,35
Tiruttani,35
Tiruvallur,35
Tiruvannamalai,35
Tiruverambur,35
Tiruverkadu,35
Tiruvethipuram,35
Tiruvidaimarudur,35
Tiruvottiyur,35
Tittakudi,35
Tondi,35
Turaiyur,35
Tuticorin,35
Udagamandalam,35
UdagamandalamValley,35
Udankudi,35
Udayarpalayam,35
Udumalaipettai,35
Udumalpet,35
Ullur,35
Ulundurpettai,35
Unjalaur,35
Unnamalaikadai,35
Uppidamangalam,35
Uppiliapuram,35
Urachikkottai,35
Urapakkam,35
Usilampatti,35
Uthangarai,35
Uthayendram,35
Uthiramerur,35
Uthukkottai,35
Uttamapalaiyam,35
Uttukkuli,35
VadakaraiKizhpadugai,35
Vadakkanandal,35
VadakkuValliyur,35
Vadalur,35
Vadamadurai,35
Vadavalli,35
Vadipatti,35
Vadugapatti,35
Vaithiswarankoil,35
Valangaiman,35
Valasaravakkam,35
Valavanur,35
Vallam,35
Valparai,35
Valvaithankoshtam,35
Vanavasi,35
Vandalur,35
Vandavasi,35
Vandiyur,35
Vaniputhur,35
Vaniyambadi,35
Varadarajanpettai,35
Varadharajapuram,35
Vasudevanallur,35
Vathirairuppu,35
Vattalkundu,35
Vazhapadi,35
Vedapatti,35
Vedaranniyam,35
Vedasandur,35
Velampalaiyam,35
Velankanni,35
Vellakinar,35
Vellakoil,35
Vellalapatti,35
Vellalur,35
Vellanur,35
Vellimalai,35
Vellore,35
Vellottamparappu,35
Velluru,35
Vengampudur,35
Vengathur,35
Vengavasal,35
Venghatur,35
Venkarai,35
Vennanthur,35
Veppathur,35
Verkilambi,35
Vettaikaranpudur,35
Vettavalam,35
Vijayapuri,35
Vikramasingapuram,35
Vikravandi,35
Vilangudi,35
Vilankurichi,35
Vilapakkam,35
Vilathikulam,35
Vilavur,35
Villukuri,35
Villupuram,35
Viraganur,35
Virakeralam,35
Virakkalpudur,35
Virapandi,35
VirapandiCantonment,35
Virappanchatram,35
Viravanallur,35
Virudambattu,35
Virudhachalam,35
Virudhunagar,35
Virupakshipuram,35
Viswanatham,35
Vriddhachalam,35
Walajabad,35
Walajapet,35
Wellington,35
Yercaud,35
ZaminUthukuli,35
Achampet,36
Adilabad,36
Armoor,36
Asifabad,36
Badepally,36
Banswada,36
Bellampalli,36
Bhadrachalam,36
Bhainsa,36
Bhongir,36
Bhupalpally,36
Bodhan,36
Bollaram,36
Devarkonda,36
Farooqnagar,36
Gadwal,36
Gajwel,36
Ghatkesar,36
Hyderabad,36
Jagtial,36
Jangaon,36
Kagaznagar,36
Kalwakurthy,36
Kamareddy,36
Karimnagar,36
Khammam,36
Kodada,36
Koratla,36
Kottagudem,36
Kyathampalle,36
Madhira,36
Mahabubabad,36
Mahbubnagar,36
Mancherial,36
Mandamarri,36
Manuguru,36
Medak,36
`name`,`state_id`VALUES
Medchal,36
Miryalaguda,36
NagarKarnul,36
Nakrekal,36
Nalgonda,36
Narayanpet,36
Narsampet,36
Nirmal,36
Nizamabad,36
Palwancha,36
Peddapalli,36
Ramagundam,36
RangaReddydistrict,36
Sadasivpet,36
Sangareddy,36
Sarapaka,36
Sathupalle,36
Secunderabad,36
Siddipet,36
Singapur,36
Sircilla,36
Suryapet,36
Tandur,36
Vemulawada,36
Vikarabad,36
Wanaparthy,36
Warangal,36
Yellandu,36
Zahirabad,36
Agartala,37
Amarpur,37
Ambassa,37
Badharghat,37
Belonia,37
Dharmanagar,37
Gakulnagar,37
Gandhigram,37
Indranagar,37
Jogendranagar,37
Kailasahar,37
Kamalpur,37
Kanchanpur,37
Khowai,37
Kumarghat,37
Kunjaban,37
Narsingarh,37
Pratapgarh,37
RanirBazar,37
Sabrum,37
Sonamura,37
Teliamura,37
Udaipur,37
Achhalda,38
Achhnera,38
Adari,38
Afzalgarh,38
AgarwalMandi,38
Agra,38
AgraCantonment,38
Ahraura,38
Ailum,38
AirForceArea,38
Ajhuwa,38
Akbarpur,38
Alapur,38
Aliganj,38
Aligarh,38
Allahabad,38
AllahabadCantonment,38
Allahganj,38
Amanpur,38
Ambahta,38
Amethi,38
Amila,38
Amilo,38
AminagarSarai,38
AminagarUrfBhurbaral,38
Amraudha,38
Amroha,38
Anandnagar,38
Anpara,38
Antu,38
Anupshahr,38
Aonla,38
ArmapurEstate,38
Ashokpuram,38
AshrafpurKichhauchha,38
Atarra,38
Atasu,38
Atrauli,38
Atraulia,38
Auraiya,38
Aurangabad,38
AurangabadBangar,38
Auras,38
Awagarh,38
Ayodhya,38
Azamgarh,38
Azizpur,38
Azmatgarh,38
BabarpurAjitmal,38
Baberu,38
Babina,38
Babrala,38
Babugarh,38
Bachhiowan,38
Bachhraon,38
Bad,38
Badaun,38
Baghpat,38
Bah,38
Bahadurganj,38
Baheri,38
Bahjoi,38
Bahraich,38
Bahsuma,38
Bahua,38
Bajna,38
Bakewar,38
Bakiabad,38
Baldeo,38
Ballia,38
Balrampur,38
Banat,38
Banda,38
Bangarmau,38
Banki,38
Bansdih,38
Bansgaon,38
Bansi,38
Barabanki,38
Baragaon,38
Baraut,38
Bareilly,38
BareillyCantonment,38
Barhalganj,38
Barhani,38
Barhapur,38
Barkhera,38
Barsana,38
BarvaSagar,38
Barwar,38
Basti,38
BegumabadBudhana,38
Behat,38
BehtaHajipur,38
Bela,38
Belthara,38
Beniganj,38
Beswan,38
Bewar,38
Bhadarsa,38
Bhadohi,38
Bhagwantnagar,38
Bharatganj,38
Bhargain,38
Bharthana,38
Bharuhana,38
Bharwari,38
BhatniBazar,38
BhatparRani,38
BhawanBahadurnagar,38
Bhinga,38
BhojpurDharampur,38
Bhokarhedi,38
Bhongaon,38
Bhulepur,38
Bidhuna,38
Bighapur,38
Bijnor,38
Bijpur,38
Bikapur,38
Bilari,38
Bilaspur,38
Bilgram,38
Bilhaur,38
Bilram,38
Bilrayaganj,38
Bilsanda,38
Bilsi,38
Bindki,38
Bisalpur,38
BisandaBuzurg,38
Bisauli,38
Bisharatganj,38
Bisokhar,38
Biswan,38
Bithur,38
Budaun,38
Bugrasi,38
Bulandshahar,38
Burhana,38
Chail,38
ChakImamAli,38
Chakeri,38
Chakia,38
Chandauli,38
Chandausi,38
Chandpur,38
Charkhari,38
Charthawal,38
Chaumuhan,38
Chhaprauli,38
ChharaRafatpur,38
Chharprauli,38
Chhata,38
Chhatari,38
Chhibramau,38
Chhutmalpur,38
ChilkanaSultanpur,38
Chirgaon,38
ChitBaragaon,38
ChitrakutDham,38
Chopan,38
ChoubepurKalan,38
Chunar,38
ChurkGhurma,38
Colonelganj,38
Dadri,38
Dalmau,38
Dankaur,38
Dariyabad,38
Dasna,38
Dataganj,38
Daurala,38
DayalBagh,38
Deoband,38
Deoranian,38
Deoria,38
Dewa,38
Dhampur,38
Dhanauha,38
Dhanauli,38
Dhanaura,38
DharotiKhurd,38
Dhauratanda,38
Dhaurhra,38
Dibai,38
Dibiyapur,38
DildarnagarFatehpur,38
DoGhat,38
Dohrighat,38
Dostpur,38
Dudhinagar,38
Dulhipur,38
Dundwaraganj,38
Ekdil,38
Erich,38
Etah,38
Etawah,38
Faizabad,38
FaizabadCantonment,38
Faizganj,38
Farah,38
Faridnagar,38
Faridpur,38
FaridpurCantonment,38
Fariha,38
Farrukhabad,38
Fatehabad,38
FatehganjPashchimi,38
FatehganjPurvi,38
Fatehgarh,38
Fatehpur,38
FatehpurChaurasi,38
FatehpurSikri,38
Firozabad,38
Gajraula,38
GangaGhat,38
Gangapur,38
Gangoh,38
GanjMuradabad,38
Garautha,38
GarhiPukhta,38
Garhmukteshwar,38
GauraBarahaj,38
GauriBazar,38
Gausganj,38
Gawan,38
Ghatampur,38
Ghaziabad,38
Ghazipur,38
Ghiror,38
Ghorawal,38
Ghosi,38
GhosiaBazar,38
Ghughuli,38
Gohand,38
Gokul,38
GolaBazar,38
GolaGokarannath,38
Gonda,38
Gopamau,38
Gopiganj,38
Gorakhpur,38
Gosainganj,38
Govardhan,38
GreaterNoida,38
Gulaothi,38
Gulariya,38
GulariyaBhindara,38
Gunnaur,38
Gursahaiganj,38
Gursarai,38
Gyanpur,38
Hafizpur,38
Haidergarh,38
Haldaur,38
Hamirpur,38
Handia,38
Hapur,38
Hardoi,38
Harduaganj,38
Hargaon,38
Hariharpur,38
Harraiya,38
Hasanpur,38
Hasayan,38
Hastinapur,38
Hata,38
Hathras,38
Hyderabad,38
Ibrahimpur,38
Iglas,38
Ikauna,38
IltifatganjBazar,38
IndianTelephoneIndustryMank,38
Islamnagar,38
Itaunja,38
Itimadpur,38
Jagner,38
Jahanabad,38
Jahangirabad,38
Jahangirpur,38
Jais,38
Jaithara,38
Jalalabad,38
Jalali,38
Jalalpur,38
Jalaun,38
Jalesar,38
Jamshila,38
Jangipur,38
Jansath,38
Jarwal,38
Jasrana,38
Jaswantnagar,38
Jatari,38
Jaunpur,38
Jewar,38
Jhalu,38
Jhansi,38
JhansiCantonment,38
JhansiRailwaySettlement,38
Jhinjhak,38
Jhinjhana,38
Jhusi,38
JhusiKohna,38
Jiyanpur,38
Joya,38
JyotiKhuria,38
JyotibaPhuleNagar,38
Kabrai,38
KachhaunaPatseni,38
Kachhla,38
Kachhwa,38
Kadaura,38
Kadipur,38
Kailashpur,38
Kaimganj,38
Kairana,38
Kakgaina,38
Kakod,38
Kakori,38
Kakrala,38
Kalinagar,38
Kalpi,38
Kamalganj,38
Kampil,38
Kandhla,38
Kandwa,38
Kannauj,38
Kanpur,38
Kant,38
Kanth,38
Kaptanganj,38
Karaon,38
Karari,38
Karhal,38
Karnawal,38
Kasganj,38
Katariya,38
KatgharLalganj,38
Kathera,38
Katra,38
KatraMedniganj,38
Kauriaganj,38
Kemri,38
Kerakat,38
Khadda,38
Khaga,38
Khailar,38
Khair,38
Khairabad,38
Khairagarh,38
Khalilabad,38
Khamaria,38
Khanpur,38
Kharela,38
Khargupur,38
Khariya,38
Kharkhoda,38
Khatauli,38
KhatauliRural,38
Khekra,38
Kheri,38
KhetaSarai,38
Khudaganj,38
Khurja,38
Khutar,38
Kiraoli,38
Kiratpur,38
Kishanpur,38
Kishni,38
Kithaur,38
Koiripur,38
Konch,38
Kopaganj,38
KoraJahanabad,38
Korwa,38
KosiKalan,38
Kota,38
Kotra,38
Kotwa,38
Kulpahar,38
Kunda,38
Kundarki,38
Kunwargaon,38
Kurara,38
Kurawali,38
Kursath,38
KurthiJafarpur,38
Kushinagar,38
Kusmara,38
Laharpur,38
Lakhimpur,38
Lakhna,38
Lalganj,38
Lalitpur,38
Lar,38
Lawar,38
LedwaMahuwa,38
Lohta,38
Loni,38
Lucknow,38
Machhlishahr,38
Madhoganj,38
Madhogarh,38
Maghar,38
Mahaban,38
Maharajganj,38
Mahmudabad,38
Mahoba,38
Maholi,38
Mahona,38
Mahroni,38
Mailani,38
Mainpuri,38
MajharaPiparEhatmali,38
MajhauliRaj,38
Malihabad,38
Mallanwam,38
Mandawar,38
Manikpur,38
Maniyar,38
Manjhanpur,38
Mankapur,38
Marehra,38
Mariahu,38
Maruadih,38
Maswasi,38
Mataundh,38
Mathu,38
Mathura,38
MathuraCantonment,38
Mau,38
MauAima,38
Maudaha,38
Mauranipur,38
Maurawan,38
Mawana,38
Meerut,38
Mehnagar,38
Mehndawal,38
Mendu,38
Milak,38
Miranpur,38
Mirat,38
MiratCantonment,38
Mirganj,38
Mirzapur,38
Misrikh,38
Modinagar,38
MograBadshahpur,38
Mohan,38
Mohanpur,38
Mohiuddinpur,38
Moradabad,38
Moth,38
Mubarakpur,38
MughalSarai,38
MughalSaraiRailwaySettlemen,38
Muhammadabad,38
Muhammadi,38
MukrampurKhema,38
Mundia,38
Mundora,38
Muradnagar,38
Mursan,38
Musafirkhana,38
Muzaffarnagar,38
Nadigaon,38
Nagina,38
Nagram,38
NaiBazar,38
NainanaJat,38
Najibabad,38
Nakur,38
Nanaunta,38
Nandgaon,38
Nanpara,38
Naraini,38
Narauli,38
Naraura,38
NaugawanSadat,38
Nautanwa,38
Nawabganj,38
Nichlaul,38
NidhauliKalan,38
Nihtaur,38
Nindaura,38
Niwari,38
Nizamabad,38
Noida,38
NorthernRailwayColony,38
Nurpur,38
NyoriaHusenpur,38
Nyotini,38
Obra,38
OelDhakwa,38
Orai,38
Oran,38
OrdinanceFactoryMuradnagar,38
Pachperwa,38
Padrauna,38
Pahasu,38
Paintepur,38
Pali,38
PaliaKalan,38
Parasi,38
Parichha,38
Parichhatgarh,38
Parsadepur,38
Patala,38
Patiyali,38
Patti,38
Pawayan,38
Phalauda,38
Phaphund,38
Phulpur,38
Phulwaria,38
Pihani,38
Pilibhit,38
Pilkana,38
Pilkhuwa,38
Pinahat,38
PipalsanaChaudhari,38
Pipiganj,38
Pipraich,38
Pipri,38
Pratapgarh,38
Pukhrayan,38
Puranpur,38
PurdilNagar,38
Purqazi,38
Purwa,38
Qasimpur,38
Rabupura,38
RadhaKund,38
RaeBareilly,38
RajaKaRampur,38
Rajapur,38
Ramkola,38
Ramnagar,38
Rampur,38
RampurBhawanipur,38
RampurKarkhana,38
RampurManiharan,38
Rampura,38
Ranipur,38
RashidpurGarhi,38
Rasra,38
Rasulabad,38
Rath,38
Raya,38
Renukut,38
Reoti,38
Richha,38
RisiaBazar,38
Rithora,38
Robertsganj,38
Roza,38
Rudarpur,38
Rudauli,38
Rudayan,38
Rura,38
RustamnagarSahaspur,38
Sabatwar,38
Sadabad,38
Sadat,38
Safipur,38
Sahanpur,38
Saharanpur,38
Sahaspur,38
Sahaswan,38
Sahawar,38
Sahibabad,38
Sahjanwa,38
Sahpau,38
Saidpur,38
Sainthal,38
Saiyadraja,38
Sakhanu,38
Sakit,38
SalarpurKhadar,38
Salimpur,38
Salon,38
Sambhal,38
Sambhawali,38
Samdhan,38
Samthar,38
Sandi,38
Sandila,38
SaraiMir,38
Saraiakil,38
Sarauli,38
Sardhana,38
Sarila,38
Sarsawan,38
Sasni,38
Satrikh,38
Saunkh,38
Saurikh,38
Seohara,38
SewalKhas,38
Sewarhi,38
Shahabad,38
Shahganj,38
Shahi,38
Shahjahanpur,38
ShahjahanpurCantonment,38
Shahpur,38
Shamli,38
Shamsabad,38
Shankargarh,38
Shergarh,38
Sherkot,38
Shikarpur,38
Shikohabad,38
Shisgarh,38
Shivdaspur,38
Shivli,38
Shivrajpur,38
Shohratgarh,38
Siddhanur,38
Siddharthnagar,38
Sidhauli,38
Sidhpura,38
Sikandarabad,38
Sikandarpur,38
Sikandra,38
SikandraRao,38
SingahiBhiraura,38
Sirathu,38
Sirsa,38
Sirsaganj,38
Sirsi,38
Sisauli,38
SiswaBazar,38
Sitapur,38
Siyana,38
Som,38
Sonbhadra,38
Soron,38
Suar,38
SukhmalpurNizamabad,38
Sultanpur,38
Sumerpur,38
Suriyawan,38
Swamibagh,38
Tajpur,38
Talbahat,38
Talgram,38
Tambaur,38
Tanda,38
TatarpurLallu,38
Tetribazar,38
Thakurdwara,38
ThanaBhawan,38
ThiriyaNizamatKhan,38
Tikaitnagar,38
Tikri,38
Tilhar,38
Tindwari,38
Tirwaganj,38
Titron,38
ToriFatehpur,38
Tulsipur,38
Tundla,38
TundlaKham,38
TundlaRailwayColony,38
Ugu,38
Ujhani,38
Ujhari,38
Umri,38
UmriKalan,38
Un,38
Unchahar,38
Unnao,38
Usaihat,38
Usawan,38
Utraula,38
Varanasi,38
VaranasiCantonment,38
Vijaigarh,38
Vrindavan,38
Wazirganj,38
Zafarabad,38
Zaidpur,38
Zamania,38
Almora,39
AlmoraCantonment,39
Badrinathpuri,39
Bageshwar,39
BahBazar,39
Banbasa,39
Bandia,39
Barkot,39
Bazpur,39
BhimTal,39
Bhowali,39
Chakrata,39
Chamba,39
ChamoliandGopeshwar,39
Champawat,39
ClementTown,39
DehraDunCantonment,39
Dehradun,39
Dehrakhas,39
Devaprayag,39
Dhaluwala,39
Dhandera,39
Dharchula,39
DharchulaDehat,39
Didihat,39
Dineshpur,39
Doiwala,39
Dugadda,39
Dwarahat,39
Gadarpur,39
Gangotri,39
Gauchar,39
Haldwani,39
Haridwar,39
Herbertpur,39
Jaspur,39
Jhabrera,39
Joshimath,39
KachnalGosain,39
Kaladungi,39
Kalagarh,39
Karnaprayang,39
Kashipur,39
Kashirampur,39
Kausani,39
Kedarnath,39
Kelakhera,39
Khatima,39
Kichha,39
Kirtinagar,39
Kotdwara,39
Laksar,39
Lalkuan,39
Landaura,39
LandhauraCantonment,39
Lensdaun,39
Logahat,39
MahuaDabraHaripura,39
MahuaKheraganj,39
Manglaur,39
Masuri,39
MohanpurMohammadpur,39
MuniKiReti,39
Nagla,39
Nainital,39
NainitalCantonment,39
Nandaprayang,39
Narendranagar,39
Pauri,39
Pithoragarh,39
Pratitnagar,39
Raipur,39
Raiwala,39
Ramnagar,39
Ranikhet,39
Ranipur,39
Rishikesh,39
RishikeshCantonment,39
Roorkee,39
Rudraprayag,39
Rudrapur,39
Rurki,39
RurkiCantonment,39
Shaktigarh,39
Sitarganj,39
Srinagar,39
Sultanpur,39
Tanakpur,39
Tehri,39
UdhamSinghNagar,39
Uttarkashi,39
Vikasnagar,39
Virbhadra,39
24Parganas(n,41
24Parganas(s,41
Adra,41
Ahmadpur,41
Aiho,41
Aistala,41
AlipurDuar,41
AlipurDuarRailwayJunction,41
Alpur,41
Amalhara,41
Amkula,41
Amlagora,41
Amodghata,41
Amtala,41
Andul,41
Anksa,41
Ankurhati,41
AnupNagar,41
Arambagh,41
Argari,41
Arsha,41
Asansol,41
AshoknagarKalyangarh,41
Aurangabad,41
BablariDewanganj,41
Badhagachhi,41
Baduria,41
Baghdogra,41
Bagnan,41
Bagra,41
Bagula,41
Baharampur,41
Bahirgram,41
Bahula,41
Baidyabati,41
Bairatisal,41
BajBaj,41
Bakreswar,41
BalaramPota,41
Balarampur,41
BaliChak,41
Ballavpur,41
Bally,41
Balurghat,41
Bamunari,41
BanarhatTeaGarden,41
Bandel,41
Bangaon,41
Bankra,41
Bankura,41
Bansbaria,41
Banshra,41
Banupur,41
BaraBamonia,41
Barakpur,41
BarakpurCantonment,41
Baranagar,41
Barasat,41
Barddhaman,41
Barijhati,41
Barjora,41
Barrackpore,41
Baruihuda,41
Baruipur,41
Barunda,41
Basirhat,41
Baska,41
Begampur,41
Beldanga,41
Beldubi,41
Belebathan,41
Beliator,41
Bhadreswar,41
Bhandardaha,41
BhangarRaghunathpur,41
BhangriPrathamKhanda,41
Bhanowara,41
Bhatpara,41
BholarDabri,41
Bidhannagar,41
Bidyadharpur,41
BikiHakola,41
Bilandapur,41
Bilpahari,41
BipraNoapara,41
Birlapur,41
Birnagar,41
Bisarpara,41
Bishnupur,41
Bolpur,41
Bongaon,41
Bowali,41
Burdwan,41
Canning,41
CartRoad,41
Chachanda,41
ChakBankola,41
ChakEnayetnagar,41
ChakKashipur,41
Chakalampur,41
Chakbansberia,41
Chakdaha,41
Chakpara,41
Champahati,41
Champdani,41
Chamrail,41
Chandannagar,41
Chandpur,41
Chandrakona,41
Chapari,41
Chapui,41
CharBrahmanagar,41
CharMaijdia,41
Charka,41
ChataKalikapur,41
Chauhati,41
ChechaKhata,41
Chelad,41
Chhora,41
Chikrand,41
Chittaranjan,41
Contai,41
CoochBehar,41
Dainhat,41
DakshinBaguan,41
DakshinJhapardaha,41
DakshinRajyadharpur,41
DakshinRaypur,41
Dalkola,41
Dalurband,41
DarapPur,41
Darjiling,41
Daulatpur,41
Debipur,41
Defahat,41
Deora,41
Deulia,41
Dhakuria,41
Dhandadihi,41
Dhanyakuria,41
Dharmapur,41
DhatriGram,41
Dhuilya,41
Dhulagari,41
Dhulian,41
Dhupgari,41
Dhusaripara,41
DiamondHarbour,41
Digha,41
Dignala,41
Dinhata,41
Dubrajpur,41
Dumjor,41
Durgapur,41
Durllabhganj,41
Egra,41
Eksara,41
Falakata,41
Farakka,41
Fatellapur,41
FortGloster,41
Gabberia,41
Gadigachha,41
Gairkata,41
Gangarampur,41
Garalgachha,41
GarbetaAmlagora,41
Garhbeta,41
Garshyamnagar,41
Garui,41
Garulia,41
Gayespur,41
Ghatal,41
Ghorsala,41
Goaljan,41
Goasafat,41
Gobardanga,41
Gobindapur,41
Gopalpur,41
Gopinathpur,41
GoraBazar,41
Guma,41
Gurdaha,41
Guriahati,41
Guskhara,41
Habra,41
Haldia,41
Haldibari,41
Halisahar,41
Haora,41
HarhariaChak,41
Harindanga,41
Haringhata,41
Haripur,41
Harishpur,41
Hatgachha,41
Hatsimla,41
Hijuli,41
HindustanCablesTown,41
Hooghly,41
Howrah,41
Hugli-Chunchura,41
Humaipur,41
IchhaPurDefenceEstate,41
IngrajBazar,41
Islampur,41
Jafarpur,41
Jagadanandapur,41
Jagdishpur,41
Jagtaj,41
JalaKendua,41
Jaldhaka,41
Jalkhura,41
Jalpaiguri,41
Jamuria,41
Jangipur,41
Jaygaon,41
Jaynagar-Majilpur,41
Jemari,41
JemariTownship,41
Jetia,41
Jhalida,41
Jhargram,41
Jhorhat,41
Jiaganj-Azimganj,41
Joka,41
JotKamal,41
KachuPukur,41
Kajora,41
Kakdihi,41
Kakdwip,41
Kalaikunda,41
Kalara,41
Kalimpong,41
Kaliyaganj,41
Kalna,41
Kalyani,41
Kamarhati,41
Kanaipur,41
Kanchrapara,41
Kandi,41
Kanki,41
Kankuria,41
Kantlia,41
Kanyanagar,41
Karimpur,41
Karsiyang,41
Kasba,41
Kasimbazar,41
Katwa,41
Kaugachhi,41
Kenda,41
KendraKhottamdi,41
Kendua,41
Kesabpur,41
Khagrabari,41
Khalia,41
Khalor,41
Khandra,41
Khantora,41
Kharagpur,41
KharagpurRailwaySettlement,41
Kharar,41
Khardaha,41
KhariMalaKhagrabari,41
Kharsarai,41
Khatra,41
Khodarampur,41
Kodalia,41
Kolaghat,41
KolaghatThermalPowerProject,41
Kolkata,41
Konardihi,41
Konnogar,41
Krishnanagar,41
Krishnapur,41
Kshidirpur,41
Kshirpai,41
Kulihanda,41
Kulti,41
Kunustara,41
Kuperskem,41
Madanpur,41
Madhusudanpur,41
Madhyamgram,41
Maheshtala,41
Mahiari,41
Mahikpur,41
Mahira,41
Mahishadal,41
Mainaguri,41
Makardaha,41
Mal,41
Malda,41
Mandarbani,41
Mansinhapur,41
Masila,41
Maslandapur,41
Mathabhanga,41
Mekliganj,41
Memari,41
Midnapur,41
Mirik,41
Monoharpur,41
Mrigala,41
Muragachha,41
Murgathaul,41
Murshidabad,41
NabadhaiDuttaPukur,41
Nabagram,41
Nabgram,41
NachhratpurKatabari,41
Nadia,41
Naihati,41
Nalhati,41
Nasra,41
Natibpur,41
Naupala,41
Navadwip,41
NebadhaiDuttapukur,41
NewBarrackpore,41
NiBarakpur,41
Nibra,41
Noapara,41
Nokpul,41
NorthBarakpur,41
Odlabari,41
OldMaldah,41
Ondal,41
Pairagachha,41
Palashban,41
Panchla,41
Panchpara,41
Pandua,41
Pangachhiya,41
Paniara,41
Panihati,41
Panuhat,41
ParBeliya,41
Parashkol,41
Parasia,41
Parbbatipur,41
Parui,41
PaschimJitpur,41
PaschimPunroPara,41
Patrasaer,41
PattabongTeaGarden,41
Patuli,41
Patulia,41
Phulia,41
Podara,41
PortBlair,41
Prayagpur,41
Pujali,41
PurbaMedinipur,41
PurbaTajpur,41
Purulia,41
Raghudebbati,41
Raghudebpur,41
Raghunathchak,41
Raghunathpur,41
Raghunathpur-Dankuni,41
Raghunathpur-Magra,41
Raigachhi,41
Raiganj,41
Raipur,41
RajarhatGopalpur,41
Rajpur,41
Ramchandrapur,41
Ramjibanpur,41
Ramnagar,41
RampurHat,41
Ranaghat,41
Raniganj,41
Ratibati,41
Raypur,41
Rishra,41
RishraCantonment,41
Ruiya,41
Sahajadpur,41
Sahapur,41
Sainthia,41
Salap,41
Sankarpur,41
Sankrail,41
Santoshpur,41
Saontaidih,41
Sarenga,41
Sarpi,41
Satigachha,41
Serpur,41
Shankhanagar,41
Shantipur,41
Shrirampur,41
Siduli,41
Siliguri,41
Simla,41
Singur,41
Sirsha,41
Siuri,41
Sobhaganj,41
Sodpur,41
Sonamukhi,41
Sonatikiri,41
Srikantabati,41
Srirampur,41
Sukdal,41
Taherpur,41
Taki,41
Talbandha,41
Tamluk,41
Tarakeswar,41
Tentulberia,41
Tentulkuli,41
ThermalPowerProject,41
Tinsukia,41
Titagarh,41
Tufanganj,41
Ukhra,41
Ula,41
Ulubaria,41
UttarDurgapur,41
UttarGoara,41
UttarKalas,41
UttarKamakhyaguri,41
UttarLatabari,41
UttarMahammadpur,41
UttarPirpur,41
UttarRaypur,41
Uttarpara-Kotrung,41
AndamanandNicobarIslands,1
AndhraPradesh,2
ArunachalPradesh,3
Assam,4
Bihar,5
Chandigarh,6
Chhattisgarh,7
DadraandNagarHaveli,8
DamanandDiu,9
Delhi,10
Goa,11
Gujarat,12
Haryana,13
HimachalPradesh,14
JammuandKashmir,15
Jharkhand,16
Karnataka,17
Kenmore,18
Kerala,19
Lakshadweep,20
MadhyaPradesh,21
Maharashtra,22
Manipur,23
Meghalaya,24
Mizoram,25
Nagaland,26
Narora,27
Natwar,28
Odisha,29
PaschimMedinipur,30
Pondicherry,31
Punjab,32
Rajasthan,33
Sikkim,34
TamilNadu,35
Telangana,36
Tripura,37
UttarPradesh,38
Uttarakhand,39
Vaishali,40
WestBengal,41
Hyd,36
hyderbad,36
BANGLORE,17
Bangalore,17
thissur,19
NorthWestDelhi,10
Dehradoon,39
Selakui,39
ThiruvananthapuramG.P.O.,19
MumbaiSuburban,22
Ferozepur,32
Newdehli,10
Raebareli,38
BokaroSteelCity,13
Kothagudem,36
Rangareddy,36
Trivandrum,19
KhammamTelangana,36
Gurugram,13
Vishakapatnam,2
Bhubaneshwar,29
Uttrakhand,39
Bhubaneshwar,29
Titwala,22
Mysuru,17
Khorda,29
